# pH surrogate of the original programs: bicubic B-spline in log10 total Zn and Mn [mol/L] (see README.md)
# float32 values, 9 significant digits (exact). Layout: n_zn n_mn n_coef_zn n_coef_mn; zn knots; mn knots; coefficients by row
153 153 149 149
-10 -10 -10 -10 -9.78378391 -9.67567539 -9.56756783 -9.4594593 -9.35135174
-9.24324322 -9.1351347 -9.02702713 -8.91891861 -8.81081104 -8.70270252 -8.59459496 -8.48648643 -8.37837791
-8.27027035 -8.16216183 -8.05405426 -7.94594574 -7.8378377 -7.72972965 -7.62162161 -7.51351357 -7.40540552
-7.29729748 -7.18918896 -7.08108091 -6.97297287 -6.86486483 -6.75675678 -6.64864874 -6.5405407 -6.43243265
-6.32432413 -6.21621609 -6.10810804 -6 -5.89189196 -5.78378391 -5.67567587 -5.56756735 -5.4594593
-5.35135126 -5.24324322 -5.13513517 -5.02702713 -4.91891909 -4.81081104 -4.70270252 -4.59459448 -4.48648643
-4.37837839 -4.27027035 -4.1621623 -4.05405426 -3.94594598 -3.83783793 -3.72972965 -3.62162161 -3.51351357
-3.40540552 -3.29729724 -3.1891892 -3.08108115 -2.97297287 -2.86486483 -2.75675678 -2.64864874 -2.54054046
-2.43243241 -2.32432437 -2.21621633 -2.10810804 -2 -1.95945942 -1.91891897 -1.87837839 -1.83783782
-1.79729724 -1.75675678 -1.71621621 -1.67567563 -1.63513517 -1.5945946 -1.55405402 -1.51351357 -1.47297299
-1.43243241 -1.39189184 -1.35135138 -1.3108108 -1.27027023 -1.22972977 -1.1891892 -1.14864862 -1.10810816
-1.06756759 -1.02702701 -0.986486495 -0.945945919 -0.905405402 -0.864864886 -0.82432431 -0.783783793 -0.743243217
-0.702702701 -0.662162185 -0.621621609 -0.581081092 -0.540540516 -0.5 -0.459459454 -0.418918908 -0.378378391
-0.337837845 -0.297297299 -0.256756753 -0.216216221 -0.175675675 -0.135135129 -0.0945945978 -0.0540540554 -0.0135135138
0.0270270277 0.0675675645 0.108108111 0.148648649 0.189189196 0.229729727 0.270270258 0.310810804 0.351351351
0.391891897 0.432432443 0.472972959 0.513513505 0.554054081 0.594594598 0.635135114 0.67567569 0.716216207
0.756756783 0.797297299 0.837837815 0.878378391 0.918918908 1 1 1 1
-10 -10 -10 -10 -9.78378391 -9.67567539 -9.56756783 -9.4594593 -9.35135174
-9.24324322 -9.1351347 -9.02702713 -8.91891861 -8.81081104 -8.70270252 -8.59459496 -8.48648643 -8.37837791
-8.27027035 -8.16216183 -8.05405426 -7.94594574 -7.8378377 -7.72972965 -7.62162161 -7.51351357 -7.40540552
-7.29729748 -7.18918896 -7.08108091 -6.97297287 -6.86486483 -6.75675678 -6.64864874 -6.5405407 -6.43243265
-6.32432413 -6.21621609 -6.10810804 -6 -5.89189196 -5.78378391 -5.67567587 -5.56756735 -5.4594593
-5.35135126 -5.24324322 -5.13513517 -5.02702713 -4.91891909 -4.81081104 -4.70270252 -4.59459448 -4.48648643
-4.37837839 -4.27027035 -4.1621623 -4.05405426 -3.94594598 -3.83783793 -3.72972965 -3.62162161 -3.51351357
-3.40540552 -3.29729724 -3.1891892 -3.08108115 -2.97297287 -2.86486483 -2.75675678 -2.64864874 -2.54054046
-2.43243241 -2.32432437 -2.21621633 -2.10810804 -2 -1.95945942 -1.91891897 -1.87837839 -1.83783782
-1.79729724 -1.75675678 -1.71621621 -1.67567563 -1.63513517 -1.5945946 -1.55405402 -1.51351357 -1.47297299
-1.43243241 -1.39189184 -1.35135138 -1.3108108 -1.27027023 -1.22972977 -1.1891892 -1.14864862 -1.10810816
-1.06756759 -1.02702701 -0.986486495 -0.945945919 -0.905405402 -0.864864886 -0.82432431 -0.783783793 -0.743243217
-0.702702701 -0.662162185 -0.621621609 -0.581081092 -0.540540516 -0.5 -0.459459454 -0.418918908 -0.378378391
-0.337837845 -0.297297299 -0.256756753 -0.216216221 -0.175675675 -0.135135129 -0.0945945978 -0.0540540554 -0.0135135138
0.0270270277 0.0675675645 0.108108111 0.148648649 0.189189196 0.229729727 0.270270258 0.310810804 0.351351351
0.391891897 0.432432443 0.472972959 0.513513505 0.554054081 0.594594598 0.635135114 0.67567569 0.716216207
0.756756783 0.797297299 0.837837815 0.878378391 0.918918908 1 1 1 1
6.99997044 6.99996519 6.99995613 6.99993801 6.99992037 6.99989748 6.99986887 6.99983168 6.99978399 6.99972343 6.99964523 6.9995451 6.99941683 6.99925232 6.99904203 6.99877262 6.99842787 6.99798727 6.9974246 6.99670649 6.99579144 6.99462795 6.99315166 6.99128342 6.98892879 6.9859724 6.98228168 6.97770357 6.97206783 6.96519327 6.95689392 6.94699001 6.93532228 6.92176294 6.90622807 6.88868237 6.86914396 6.84767818 6.82439232 6.79942417 6.77293396 6.74509382 6.71608114 6.68607521 6.65525198 6.62378359 6.59183645 6.55957365 6.52715063 6.49471664 6.46241093 6.43036175 6.39868212 6.36746645 6.33678961 6.30670452 6.27724361 6.24842024 6.2202301 6.19265556 6.16566849 6.13923454 6.1133132 6.08786297 6.06283998 6.03820276 6.01390886 5.98991823 5.96619129 5.94269037 5.91937542 5.89620781 5.87314367 5.85013676 5.83192492 5.81848097 5.8098259 5.80115366 5.79246044 5.78374052 5.77498913 5.76620054 5.75736856 5.74848604 5.73954535 5.73053932 5.72145796 5.71229267 5.70303297 5.69366693 5.6841836 5.67456865 5.66480827 5.65488768 5.64479017 5.63449812 5.62399292 5.6132555 5.60226393 5.5909977 5.57943249 5.56754541 5.55531216 5.54270697 5.52970457 5.51627922 5.50240517 5.48805714 5.47320938 5.45783758 5.44191742 5.42542458 5.40833569 5.39062595 5.37226868 5.35323381 5.33348513 5.31297541 5.29164362 5.26940584 5.24614811 5.22171545 5.19590521 5.16847467 5.13918829 5.10798311 5.07535458 5.04287052 5.01294279 4.9874239 4.96680784 4.95071268 4.93849421 4.92953014 4.92330742 4.91944075 4.91761351 4.91773748 4.91929197 4.92374706 4.92550611 4.94572783 4.90613556 5.10006046 4.43458366 6.99107409 3.68496108 5.71755266 5.07526875
6.99996996 6.99996519 6.99995613 6.99993753 6.99992037 6.99989748 6.99986887 6.99983168 6.99978399 6.99972343 6.99964523 6.9995451 6.99941683 6.99925232 6.99904203 6.99877262 6.99842787 6.99798727 6.9974246 6.99670649 6.99579144 6.99462795 6.99315166 6.99128342 6.98892832 6.9859724 6.98228168 6.97770357 6.97206783 6.96519327 6.95689392 6.94699001 6.93532228 6.92176294 6.90622807 6.88868237 6.86914396 6.84767818 6.82439232 6.79942417 6.77293396 6.74509382 6.71608114 6.68607521 6.65525198 6.62378359 6.59183645 6.55957365 6.52715063 6.49471664 6.46241093 6.43036175 6.39868212 6.36746645 6.33678961 6.30670452 6.27724361 6.24842024 6.2202301 6.19265556 6.16566896 6.13923454 6.1133132 6.08786297 6.06283998 6.03820276 6.01390886 5.98991823 5.96619129 5.94269037 5.91937542 5.89620781 5.87314367 5.85013676 5.83192492 5.81848097 5.8098259 5.80115366 5.79246044 5.78374052 5.77498913 5.76620054 5.75736856 5.74848604 5.73954535 5.73053932 5.72145796 5.71229267 5.70303297 5.69366693 5.6841836 5.67456865 5.66480827 5.65488768 5.64479017 5.63449812 5.62399292 5.6132555 5.60226393 5.5909977 5.57943249 5.56754541 5.55531216 5.54270697 5.52970457 5.51627922 5.50240517 5.48805714 5.47320938 5.45783758 5.44191742 5.42542458 5.40833569 5.39062595 5.37226868 5.35323381 5.33348513 5.31297541 5.29164362 5.26940584 5.24614811 5.22171545 5.19590521 5.16847467 5.13918829 5.10798311 5.07535458 5.04287052 5.01294279 4.9874239 4.96680784 4.95071268 4.93849421 4.92952967 4.92330885 4.91943455 4.91763687 4.9176507 4.91961622 4.92254019 4.9300108 4.92891645 4.96887684 4.86590815 5.30845308 3.73088026 9.01631069 2.66234875 5.09772158
6.99996996 6.99996519 6.99995565 6.99993753 6.99991989 6.99989748 6.99986839 6.99983168 6.99978399 6.99972296 6.99964476 6.9995451 6.99941683 6.99925232 6.99904203 6.99877262 6.99842787 6.99798727 6.9974246 6.99670649 6.99579144 6.99462795 6.99315119 6.99128342 6.98892832 6.9859724 6.98228168 6.97770357 6.97206783 6.96519327 6.95689344 6.94699001 6.93532228 6.92176294 6.90622807 6.88868237 6.86914396 6.84767818 6.82439232 6.79942417 6.77293396 6.74509382 6.71608114 6.68607521 6.65525198 6.62378359 6.59183645 6.55957365 6.52715063 6.49471664 6.46241093 6.43036222 6.39868212 6.36746645 6.33678961 6.30670452 6.27724409 6.24842024 6.2202301 6.19265556 6.16566896 6.13923454 6.1133132 6.08786297 6.06283998 6.03820276 6.01390886 5.98991823 5.96619129 5.94269037 5.91937542 5.89620781 5.87314367 5.85013676 5.83192492 5.81848097 5.8098259 5.80115366 5.79246044 5.78374052 5.77498913 5.76620054 5.75736856 5.74848604 5.73954535 5.73053932 5.72145796 5.71229267 5.70303297 5.69366693 5.6841836 5.67456865 5.66480827 5.65488768 5.64479017 5.63449812 5.62399292 5.6132555 5.60226393 5.5909977 5.57943249 5.56754541 5.55531216 5.54270697 5.52970457 5.51627922 5.50240517 5.48805714 5.47320938 5.45783758 5.44191742 5.42542458 5.40833569 5.39062595 5.37226868 5.35323381 5.33348513 5.31297541 5.29164362 5.26940584 5.24614811 5.22171497 5.19590521 5.16847467 5.13918829 5.10798311 5.07535458 5.04287052 5.01294279 4.9874239 4.96680784 4.95071268 4.93849421 4.92952967 4.92330885 4.91943789 4.91762543 4.91769361 4.91945553 4.92312908 4.92781448 4.93711185 4.93829155 4.98005295 4.8824563 5.31732988 3.99920964 5.66884089 5.03036308
6.99996948 6.99996471 6.99995565 6.99993706 6.99991989 6.999897 6.99986839 6.9998312 6.99978352 6.99972296 6.99964476 6.99954462 6.99941635 6.99925184 6.99904156 6.99877214 6.99842739 6.99798679 6.99742413 6.99670601 6.99579096 6.99462748 6.99315119 6.99128294 6.98892832 6.98597193 6.98228121 6.97770309 6.97206783 6.96519327 6.95689344 6.94698954 6.93532228 6.92176294 6.90622759 6.88868237 6.86914396 6.84767818 6.82439232 6.79942417 6.77293396 6.74509382 6.71608114 6.68607521 6.65525198 6.62378359 6.59183693 6.55957365 6.52715063 6.49471664 6.46241093 6.43036222 6.39868212 6.36746645 6.33678961 6.30670452 6.27724409 6.24842024 6.2202301 6.19265556 6.16566896 6.13923454 6.1133132 6.08786297 6.06283998 6.03820276 6.01390886 5.98991823 5.96619129 5.94269037 5.91937542 5.89620781 5.87314367 5.85013676 5.83192492 5.81848097 5.8098259 5.80115366 5.79246044 5.78374052 5.77498913 5.76620054 5.75736856 5.74848604 5.73954535 5.73053932 5.72145796 5.71229267 5.70303297 5.69366693 5.6841836 5.67456865 5.66480827 5.65488768 5.64479017 5.63449812 5.62399292 5.6132555 5.60226393 5.5909977 5.57943249 5.56754541 5.55531216 5.54270697 5.52970457 5.51627922 5.50240517 5.48805714 5.47320938 5.45783758 5.44191742 5.42542458 5.40833569 5.39062595 5.37226868 5.35323381 5.33348513 5.31297541 5.29164362 5.26940584 5.24614763 5.22171545 5.19590521 5.16847467 5.13918829 5.10798311 5.07535458 5.04287052 5.01294279 4.9874239 4.96680784 4.95071268 4.93849421 4.92953014 4.9233079 4.91943693 4.91762924 4.91767979 4.91950655 4.92295694 4.92845201 4.93473482 4.94716215 4.9469471 5.00601149 4.86186934 5.38777018 4.81530333 5.14262772
6.99996948 6.99996424 6.99995518 6.99993706 6.99991941 6.999897 6.99986792 6.99983072 6.99978352 6.99972248 6.99964428 6.99954414 6.99941587 6.99925184 6.99904156 6.99877214 6.99842739 6.99798679 6.99742365 6.99670553 6.99579096 6.99462748 6.99315071 6.99128294 6.98892784 6.98597193 6.98228121 6.97770309 6.97206736 6.96519279 6.95689344 6.94698954 6.93532181 6.92176294 6.90622759 6.88868237 6.86914396 6.84767818 6.82439232 6.79942417 6.77293396 6.74509382 6.71608114 6.68607569 6.65525198 6.62378359 6.59183693 6.55957365 6.52715063 6.49471664 6.46241093 6.43036222 6.39868212 6.36746645 6.33678961 6.30670452 6.27724409 6.24842024 6.2202301 6.19265556 6.16566896 6.13923454 6.1133132 6.08786297 6.06283998 6.03820276 6.01390886 5.98991823 5.96619129 5.94269037 5.91937542 5.89620781 5.87314367 5.85013676 5.83192492 5.81848097 5.8098259 5.80115366 5.79246044 5.78374052 5.77498913 5.76620054 5.75736856 5.74848604 5.73954535 5.73053932 5.72145796 5.71229267 5.70303297 5.69366693 5.6841836 5.67456865 5.66480827 5.65488768 5.64479017 5.63449812 5.62399292 5.6132555 5.60226393 5.5909977 5.57943249 5.56754541 5.55531216 5.54270697 5.52970457 5.51627922 5.50240517 5.48805714 5.47320938 5.45783758 5.44191742 5.42542458 5.40833569 5.39062595 5.37226868 5.35323381 5.33348513 5.31297541 5.29164362 5.26940584 5.24614811 5.22171497 5.19590521 5.16847467 5.13918829 5.10798311 5.07535458 5.04287052 5.01294279 4.9874239 4.96680784 4.95071268 4.93849421 4.92952919 4.92331028 4.91943741 4.9176259 4.91769266 4.91945887 4.9231205 4.92784548 4.93699646 4.93872213 4.97844601 4.88845396 5.28448296 4.21968317 5.58497238 4.82267284
6.99996901 6.99996424 6.9999547 6.99993658 6.99991894 6.99989653 6.99986744 6.99983072 6.99978304 6.999722 6.99964428 6.99954414 6.99941587 6.99925137 6.99904108 6.99877167 6.99842691 6.99798632 6.99742365 6.99670553 6.99579048 6.994627 6.99315071 6.99128246 6.98892784 6.98597145 6.98228073 6.97770262 6.97206736 6.96519279 6.95689297 6.94698954 6.93532181 6.92176247 6.90622759 6.88868237 6.86914396 6.84767818 6.82439232 6.79942417 6.77293396 6.74509382 6.71608114 6.68607569 6.65525246 6.62378359 6.59183693 6.55957365 6.52715063 6.49471664 6.46241093 6.43036222 6.39868212 6.36746645 6.33678961 6.30670452 6.27724409 6.24842024 6.2202301 6.19265556 6.16566896 6.13923454 6.1133132 6.08786297 6.06283998 6.03820276 6.01390886 5.98991823 5.96619129 5.94269037 5.91937542 5.89620781 5.87314367 5.85013676 5.83192492 5.81848097 5.8098259 5.80115366 5.79246044 5.78374052 5.77498913 5.76620054 5.75736856 5.74848604 5.73954535 5.73053932 5.72145796 5.71229267 5.70303297 5.69366693 5.6841836 5.67456865 5.66480827 5.65488768 5.64479017 5.63449812 5.62399292 5.6132555 5.60226393 5.5909977 5.57943249 5.56754541 5.55531216 5.54270697 5.52970457 5.51627922 5.50240517 5.48805714 5.47320938 5.45783758 5.44191742 5.42542458 5.40833569 5.39062595 5.37226868 5.35323381 5.33348513 5.31297541 5.29164362 5.26940584 5.24614811 5.22171545 5.19590521 5.16847467 5.13918829 5.10798311 5.07535458 5.04287052 5.01294279 4.9874239 4.96680784 4.95071316 4.93849373 4.92953157 4.9233017 4.91943693 4.91763544 4.91765499 4.91959953 4.92259884 4.92979193 4.9297328 4.96582985 4.87727833 5.26601744 3.93562412 7.85061169 3.14644909 6.01829338
6.99996853 6.99996376 6.9999547 6.9999361 6.99991846 6.99989605 6.99986696 6.99983025 6.99978256 6.99972153 6.9996438 6.99954367 6.9994154 6.99925089 6.9990406 6.99877119 6.99842644 6.99798584 6.99742317 6.99670506 6.99579 6.99462652 6.99315023 6.99128199 6.98892736 6.98597097 6.98228073 6.97770214 6.97206688 6.96519232 6.95689297 6.94698906 6.93532133 6.92176247 6.90622759 6.88868189 6.86914349 6.84767818 6.82439232 6.79942417 6.77293396 6.74509382 6.71608114 6.68607569 6.65525246 6.62378359 6.59183693 6.55957365 6.52715063 6.49471664 6.4624114 6.43036222 6.39868259 6.36746693 6.33678961 6.30670452 6.27724409 6.24842024 6.2202301 6.19265556 6.16566896 6.13923454 6.1133132 6.08786297 6.06283998 6.03820276 6.01390886 5.98991823 5.96619129 5.94269037 5.91937542 5.89620781 5.87314367 5.85013676 5.83192492 5.81848097 5.8098259 5.80115366 5.79246044 5.78374052 5.77498913 5.76620054 5.75736856 5.74848604 5.73954535 5.73053932 5.72145796 5.71229267 5.70303297 5.69366693 5.6841836 5.67456865 5.66480827 5.65488768 5.64479017 5.63449812 5.62399292 5.6132555 5.60226393 5.5909977 5.57943249 5.56754541 5.55531216 5.54270697 5.52970457 5.51627922 5.50240517 5.48805714 5.47320938 5.45783758 5.44191742 5.42542458 5.40833569 5.39062595 5.37226868 5.35323381 5.33348513 5.31297541 5.29164362 5.26940584 5.24614811 5.22171545 5.19590521 5.16847467 5.13918829 5.10798311 5.07535458 5.04287052 5.01294279 4.9874239 4.96680784 4.9507122 4.93849611 4.92952251 4.92333603 4.91943407 4.91761398 4.91774416 4.91926479 4.92384863 4.92512751 4.94714022 4.90086412 5.11973333 4.36116314 7.08779955 4.16153002 5.4749279 4.82258606
6.99996805 6.99996328 6.99995375 6.99993563 6.99991798 6.99989557 6.99986649 6.99982977 6.99978209 6.99972105 6.99964285 6.99954271 6.99941492 6.99925041 6.99904013 6.99877071 6.99842596 6.99798536 6.9974227 6.99670458 6.99578953 6.99462605 6.99314976 6.99128151 6.98892689 6.9859705 6.98228025 6.97770214 6.9720664 6.96519184 6.95689249 6.94698858 6.93532133 6.92176199 6.90622711 6.88868189 6.86914349 6.84767818 6.82439232 6.79942417 6.77293396 6.74509382 6.71608114 6.68607569 6.65525246 6.62378359 6.59183693 6.55957413 6.52715111 6.49471664 6.4624114 6.43036222 6.39868259 6.36746693 6.33678961 6.306705 6.27724409 6.24842024 6.2202301 6.19265556 6.16566896 6.13923454 6.1133132 6.08786297 6.06283998 6.03820276 6.01390886 5.98991823 5.96619129 5.94269037 5.91937542 5.89620781 5.87314367 5.85013676 5.83192492 5.81848097 5.8098259 5.80115366 5.79246044 5.78374052 5.77498913 5.76620054 5.75736856 5.74848604 5.73954535 5.73053932 5.72145796 5.71229267 5.70303297 5.69366693 5.6841836 5.67456865 5.66480827 5.65488768 5.64479017 5.63449812 5.62399292 5.6132555 5.60226393 5.5909977 5.57943249 5.56754541 5.55531216 5.54270697 5.52970457 5.51627922 5.50240517 5.48805714 5.47320938 5.45783758 5.44191742 5.42542458 5.40833569 5.39062595 5.37226868 5.35323381 5.33348513 5.31297541 5.29164362 5.26940584 5.24614811 5.22171545 5.19590521 5.16847467 5.13918829 5.10798311 5.07535458 5.04287052 5.01294279 4.9874239 4.96680784 4.95071316 4.93849373 4.92953157 4.92330217 4.91943502 4.91764259 4.91762686 4.91970444 4.92220688 4.93125534 4.92426968 4.98621893 4.80118465 5.55000305 3.48990536 9.99747181 2.06096888 5.14297438
6.9999671 6.99996233 6.99995327 6.99993467 6.99991751 6.99989462 6.99986601 6.99982882 6.99978113 6.99972057 6.99964237 6.99954224 6.99941397 6.99924946 6.99903917 6.99876976 6.99842501 6.99798441 6.99742174 6.99670362 6.99578905 6.99462509 6.9931488 6.99128103 6.98892593 6.98597002 6.9822793 6.97770119 6.97206593 6.96519136 6.95689201 6.94698858 6.93532085 6.92176199 6.90622711 6.88868141 6.86914349 6.84767771 6.82439184 6.79942417 6.77293396 6.74509382 6.71608114 6.68607569 6.65525246 6.62378359 6.59183693 6.55957413 6.52715111 6.49471664 6.4624114 6.43036222 6.39868259 6.36746693 6.33679008 6.306705 6.27724409 6.24842072 6.2202301 6.19265556 6.16566896 6.13923454 6.11331367 6.08786297 6.06283998 6.03820276 6.01390886 5.98991823 5.96619129 5.94269037 5.91937542 5.89620781 5.87314367 5.85013676 5.83192492 5.81848097 5.8098259 5.80115366 5.79246044 5.78374052 5.77498913 5.76620054 5.75736856 5.74848604 5.73954535 5.73053932 5.72145796 5.71229267 5.70303297 5.69366693 5.6841836 5.67456865 5.66480827 5.65488768 5.64479017 5.63449812 5.62399292 5.6132555 5.60226393 5.5909977 5.57943249 5.56754541 5.55531216 5.54270697 5.52970457 5.51627922 5.50240517 5.48805714 5.47320938 5.45783758 5.44191742 5.42542458 5.40833569 5.39062595 5.37226868 5.35323381 5.33348513 5.31297541 5.29164362 5.26940584 5.24614811 5.22171545 5.19590521 5.16847467 5.13918829 5.10798311 5.07535458 5.04287052 5.01294279 4.9874239 4.96680784 4.95071268 4.93849421 4.92952967 4.92330885 4.91944265 4.91760635 4.91776562 4.91918755 4.92413616 4.9240551 4.95114851 4.88590479 5.17556286 4.15280485 5.57344151 3.56404185 5.91207409 5.05712891
6.99996614 6.99996138 6.99995232 6.99993372 6.99991655 6.99989367 6.99986506 6.99982786 6.99978018 6.99971962 6.99964142 6.99954128 6.99941301 6.9992485 6.99903822 6.99876881 6.99842453 6.99798393 6.99742079 6.99670267 6.9957881 6.99462461 6.99314785 6.99128008 6.98892546 6.98596907 6.98227882 6.97770071 6.97206545 6.96519089 6.95689154 6.94698811 6.93532038 6.92176151 6.90622663 6.88868141 6.86914301 6.84767771 6.82439184 6.79942417 6.77293396 6.74509382 6.71608162 6.68607569 6.65525246 6.62378407 6.59183693 6.55957413 6.52715111 6.49471712 6.4624114 6.43036222 6.39868259 6.36746693 6.33679008 6.306705 6.27724409 6.24842072 6.2202301 6.19265556 6.16566896 6.13923502 6.11331367 6.08786297 6.06283998 6.03820276 6.01390886 5.98991823 5.96619177 5.94269037 5.91937542 5.89620781 5.87314367 5.85013676 5.83192492 5.81848097 5.8098259 5.80115366 5.79246044 5.78374052 5.77498913 5.76620054 5.75736856 5.74848604 5.73954535 5.73053932 5.72145796 5.71229267 5.70303297 5.69366693 5.6841836 5.67456865 5.66480827 5.65488768 5.64479017 5.63449812 5.62399292 5.6132555 5.60226393 5.5909977 5.57943249 5.56754541 5.55531216 5.54270697 5.52970457 5.51627922 5.50240517 5.48805714 5.47320938 5.45783758 5.44191742 5.42542458 5.40833569 5.39062595 5.37226868 5.35323381 5.33348513 5.31297541 5.29164362 5.26940584 5.24614811 5.22171545 5.19590521 5.16847467 5.13918829 5.10798311 5.07535458 5.04287052 5.01294279 4.9874239 4.96680784 4.95071268 4.93849421 4.92952871 4.92331314 4.91941833 4.91769934 4.91741753 4.92048693 4.9192872 4.94215107 4.88359022 5.1380415 4.23457432 7.66462278 4.15175533 5.86347389 4.59237623 5.08012295
6.99996519 6.99995995 6.99995089 6.99993277 6.99991512 6.99989271 6.99986362 6.99982643 6.99977922 6.99971819 6.99963999 6.99953985 6.99941158 6.99924755 6.99903727 6.99876785 6.9984231 6.9979825 6.99741983 6.99670172 6.99578667 6.99462318 6.9931469 6.99127913 6.98892403 6.98596811 6.98227787 6.97769976 6.9720645 6.96518993 6.95689058 6.94698715 6.9353199 6.92176104 6.90622616 6.88868093 6.86914301 6.84767771 6.82439184 6.79942417 6.77293396 6.74509382 6.71608162 6.68607569 6.65525246 6.62378407 6.59183741 6.55957413 6.52715111 6.49471712 6.4624114 6.4303627 6.39868259 6.36746693 6.33679008 6.306705 6.27724409 6.24842072 6.22023058 6.19265604 6.16566896 6.13923502 6.11331367 6.08786297 6.06284046 6.03820276 6.01390886 5.98991823 5.96619177 5.94269037 5.91937542 5.89620781 5.87314367 5.85013676 5.83192492 5.81848097 5.8098259 5.80115366 5.79246044 5.78374052 5.77498913 5.76620054 5.75736856 5.74848604 5.73954535 5.73053932 5.72145796 5.71229267 5.70303297 5.69366693 5.6841836 5.67456865 5.66480827 5.65488768 5.64479017 5.63449812 5.62399292 5.6132555 5.60226393 5.5909977 5.57943249 5.56754541 5.55531216 5.54270697 5.52970457 5.51627922 5.50240517 5.48805714 5.47320938 5.45783758 5.44191742 5.42542458 5.40833569 5.39062595 5.37226868 5.35323381 5.33348513 5.31297541 5.29164362 5.26940584 5.24614811 5.22171545 5.19590521 5.16847467 5.13918829 5.10798311 5.07535458 5.04287052 5.01294279 4.9874239 4.96680784 4.95071268 4.93849373 4.92953062 4.92330599 4.91944742 4.91759062 4.91782475 4.91896677 4.92496014 4.92097998 4.96268606 4.84282923 5.33632803 3.55281925 5.47809172 4.61709023 5.26110601 5.0739913
6.99996376 6.99995852 6.99994946 6.99993134 6.99991369 6.9998908 6.99986219 6.999825 6.99977779 6.99971676 6.99963856 6.99953842 6.99941015 6.99924612 6.99903536 6.99876595 6.99842167 6.99798107 6.9974184 6.99670029 6.99578524 6.99462175 6.99314547 6.99127769 6.9889226 6.98596716 6.98227644 6.97769833 6.97206306 6.96518898 6.95688963 6.9469862 6.93531895 6.92176008 6.90622568 6.88868046 6.86914253 6.84767723 6.82439137 6.79942369 6.77293396 6.74509382 6.71608162 6.68607569 6.65525246 6.62378407 6.59183741 6.5595746 6.52715158 6.49471712 6.46241188 6.4303627 6.39868307 6.3674674 6.33679008 6.306705 6.27724457 6.24842072 6.22023058 6.19265604 6.16566896 6.13923502 6.11331367 6.08786297 6.06284046 6.03820276 6.01390886 5.98991823 5.96619177 5.94269037 5.9193759 5.89620781 5.87314367 5.85013676 5.83192492 5.81848097 5.8098259 5.80115366 5.79246044 5.78374052 5.7749896 5.76620054 5.75736856 5.74848604 5.73954535 5.73053932 5.72145796 5.71229267 5.70303297 5.69366693 5.6841836 5.67456865 5.66480827 5.65488768 5.64479017 5.63449812 5.62399292 5.6132555 5.60226393 5.5909977 5.57943249 5.56754541 5.55531216 5.54270697 5.52970457 5.51627922 5.50240517 5.48805618 5.47320938 5.45783758 5.44191742 5.42542458 5.40833569 5.39062595 5.37226868 5.35323429 5.33348513 5.31297541 5.29164362 5.26940584 5.24614811 5.22171545 5.19590521 5.16847467 5.13918829 5.10798311 5.07535458 5.04287052 5.01294279 4.9874239 4.96680784 4.95071268 4.93849468 4.92952824 4.92331409 4.91941595 4.91770697 4.91738892 4.92059231 4.91889334 4.94362164 4.87810135 5.1585269 4.15812206 7.9499464 3.87130332 5.78527927 4.66484165 5.07552433
6.99996138 6.99995661 6.99994755 6.99992895 6.99991179 6.9998889 6.99986029 6.99982309 6.99977541 6.99971485 6.99963665 6.99953651 6.99940825 6.99924374 6.99903345 6.99876404 6.99841976 6.99797916 6.9974165 6.99669838 6.99578333 6.99461985 6.99314356 6.99127579 6.98892117 6.98596525 6.98227501 6.9776969 6.97206163 6.96518755 6.95688868 6.94698524 6.93531799 6.92175961 6.90622473 6.88867998 6.86914206 6.84767675 6.82439137 6.79942369 6.77293348 6.74509382 6.71608162 6.68607616 6.65525293 6.62378454 6.59183741 6.5595746 6.52715158 6.4947176 6.46241188 6.43036318 6.39868307 6.3674674 6.33679056 6.30670547 6.27724457 6.24842119 6.22023058 6.19265604 6.16566944 6.13923502 6.11331367 6.08786297 6.06284046 6.03820276 6.01390886 5.98991823 5.96619177 5.94269037 5.9193759 5.89620781 5.87314367 5.85013676 5.83192492 5.81848097 5.8098259 5.80115366 5.79246044 5.78374052 5.7749896 5.76620102 5.75736856 5.74848604 5.73954535 5.73053932 5.72145796 5.71229267 5.70303297 5.69366741 5.6841836 5.67456865 5.66480827 5.65488768 5.64479017 5.63449812 5.62399292 5.6132555 5.60226393 5.5909977 5.57943249 5.56754541 5.55531216 5.54270697 5.52970457 5.51627922 5.50240469 5.48805904 5.4732089 5.45783758 5.44191742 5.42542458 5.40833569 5.39062595 5.37226868 5.35323429 5.33348513 5.31297541 5.29164362 5.26940584 5.24614811 5.22171545 5.19590521 5.16847467 5.13918829 5.10798311 5.07535458 5.04287052 5.01294279 4.9874239 4.96680784 4.95071268 4.93849373 4.92953062 4.92330503 4.91945124 4.91757584 4.91787863 4.91876507 4.92571259 4.91817188 4.97310448 4.80396318 5.48137331 3.01150489 6.69525003 3.87681961 5.62221289 5.07552433
6.99995899 6.99995375 6.99994469 6.99992657 6.99990892 6.99988651 6.99985743 6.99982071 6.99977303 6.99971199 6.99963379 6.99953413 6.99940586 6.99924135 6.99903107 6.99876165 6.9984169 6.9979763 6.99741364 6.99669552 6.99578094 6.99461746 6.99314117 6.9912734 6.98891878 6.98596287 6.98227262 6.97769499 6.97205973 6.96518612 6.95688677 6.94698381 6.93531704 6.92175817 6.90622377 6.88867903 6.86914158 6.84767628 6.82439089 6.79942369 6.77293348 6.74509382 6.71608162 6.68607616 6.65525293 6.62378454 6.59183788 6.55957508 6.52715206 6.49471807 6.46241236 6.43036318 6.39868355 6.36746788 6.33679056 6.30670547 6.27724504 6.24842119 6.22023106 6.19265604 6.16566944 6.13923502 6.11331367 6.08786345 6.06284046 6.03820276 6.01390886 5.98991823 5.96619177 5.94269037 5.9193759 5.89620781 5.87314415 5.85013676 5.83192539 5.81848097 5.8098259 5.80115366 5.79246044 5.78374052 5.7749896 5.76620102 5.75736856 5.74848604 5.73954535 5.73053932 5.72145796 5.71229267 5.70303297 5.69366741 5.6841836 5.67456865 5.66480827 5.65488768 5.64479017 5.63449812 5.62399292 5.6132555 5.60226393 5.5909977 5.57943249 5.56754541 5.55531216 5.54270697 5.52970457 5.51627922 5.50240517 5.48805618 5.47320938 5.45783758 5.44191742 5.42542458 5.40833569 5.39062595 5.37226868 5.35323429 5.33348513 5.31297541 5.29164362 5.26940584 5.24614811 5.22171545 5.19590521 5.16847467 5.13918829 5.10798311 5.07535505 5.04287004 5.01294279 4.9874239 4.96680784 4.95071268 4.93849468 4.92952824 4.92331409 4.9194169 4.91770267 4.91740513 4.9205327 4.9191165 4.9427886 4.88122797 5.14685297 4.20169163 7.78734112 6.90597916 3.74265146 5.68890142 5.0739913
6.99995565 6.99995089 6.99994135 6.99992323 6.99990559 6.99988317 6.99985409 6.99981737 6.99976969 6.99970865 6.99963093 6.99953079 6.99940252 6.99923801 6.99902773 6.99875832 6.99841404 6.99797344 6.99741077 6.99669266 6.99577761 6.9946146 6.99313831 6.99127054 6.98891592 6.98596048 6.98227024 6.9776926 6.97205734 6.96518373 6.95688486 6.94698191 6.93531513 6.92175674 6.90622282 6.88867807 6.86914062 6.8476758 6.82439041 6.79942322 6.77293348 6.74509382 6.71608162 6.68607616 6.65525341 6.62378502 6.59183836 6.55957556 6.52715254 6.49471807 6.46241283 6.43036366 6.39868402 6.36746836 6.33679104 6.30670595 6.27724504 6.24842167 6.22023106 6.19265652 6.16566944 6.1392355 6.11331415 6.08786345 6.06284046 6.03820324 6.01390934 5.98991823 5.96619177 5.94269037 5.9193759 5.89620781 5.87314415 5.85013676 5.83192539 5.81848145 5.8098259 5.80115366 5.79246044 5.78374052 5.7749896 5.76620102 5.75736856 5.74848604 5.73954535 5.73053932 5.72145796 5.71229267 5.70303297 5.69366741 5.6841836 5.67456865 5.66480827 5.65488768 5.64479017 5.63449812 5.62399292 5.6132555 5.60226393 5.5909977 5.57943249 5.56754541 5.55531216 5.54270697 5.52970457 5.51627922 5.50240517 5.48805714 5.47320938 5.45783758 5.44191742 5.42542458 5.40833569 5.39062595 5.37226868 5.35323429 5.33348513 5.31297541 5.29164362 5.26940584 5.24614811 5.22171545 5.19590521 5.16847467 5.13918829 5.10798311 5.07535458 5.04287052 5.01294279 4.9874239 4.96680784 4.95071268 4.93849373 4.92953062 4.92330551 4.9194479 4.91758728 4.91783619 4.91892338 4.92512178 4.92037678 4.96487093 4.83469343 5.3666873 3.43951917 4.69190168 5.21926355 4.94903564 5.08012247
6.99995136 6.99994659 6.99993706 6.99991894 6.99990129 6.99987888 6.9998498 6.99981308 6.9997654 6.99970436 6.99962664 6.9995265 6.99939823 6.99923372 6.99902344 6.99875402 6.99840975 6.99796915 6.99740648 6.99668837 6.99577379 6.99461031 6.9931345 6.99126673 6.98891211 6.98595667 6.9822669 6.97768927 6.97205448 6.96518087 6.95688248 6.94697952 6.93531322 6.92175531 6.90622139 6.88867712 6.86913967 6.84767532 6.82438993 6.79942274 6.77293348 6.74509382 6.7160821 6.68607664 6.65525389 6.6237855 6.59183884 6.55957603 6.52715302 6.49471903 6.46241331 6.43036413 6.3986845 6.36746883 6.33679152 6.30670643 6.27724552 6.24842167 6.22023153 6.19265652 6.16566992 6.1392355 6.11331415 6.08786345 6.06284094 6.03820324 6.01390934 5.98991871 5.96619177 5.94269037 5.9193759 5.89620781 5.87314415 5.85013676 5.83192539 5.81848145 5.8098259 5.80115414 5.79246044 5.78374052 5.7749896 5.76620102 5.75736856 5.74848604 5.73954582 5.73053932 5.72145796 5.71229267 5.70303297 5.69366741 5.6841836 5.67456865 5.66480827 5.65488768 5.64479017 5.63449812 5.62399292 5.6132555 5.6022644 5.5909977 5.57943249 5.56754541 5.55531216 5.54270697 5.52970457 5.51627922 5.50240517 5.48805714 5.47320938 5.45783758 5.44191742 5.42542458 5.40833569 5.39062595 5.37226868 5.35323429 5.33348513 5.31297541 5.29164362 5.26940584 5.24614811 5.22171497 5.19590521 5.16847467 5.13918829 5.10798311 5.07535458 5.04287052 5.01294279 4.9874239 4.96680784 4.95071268 4.93849468 4.92952824 4.92331505 4.91941357 4.91771603 4.91735601 4.92071533 4.9184351 4.94533062 4.87174225 5.18225479 4.06956959 8.28042793 4.26183987 5.49741125 4.81659555 5.05713081
6.99994612 6.99994087 6.99993181 6.99991369 6.99989605 6.99987364 6.99984455 6.99980736 6.99976015 6.99969912 6.99962091 6.99952078 6.99939299 6.99922848 6.99901819 6.99874878 6.9984045 6.99796391 6.99740124 6.99668312 6.99576855 6.99460554 6.99312925 6.99126196 6.98890734 6.98595238 6.98226213 6.97768497 6.97205067 6.96517706 6.95687914 6.94697666 6.93531036 6.92175293 6.90621948 6.88867521 6.86913824 6.84767437 6.82438946 6.79942274 6.77293301 6.74509382 6.7160821 6.68607664 6.65525389 6.62378597 6.59183931 6.55957651 6.52715349 6.49471951 6.46241379 6.43036509 6.39868498 6.36746931 6.33679199 6.30670691 6.277246 6.24842215 6.22023201 6.19265699 6.16567039 6.13923597 6.11331463 6.08786392 6.06284094 6.03820324 6.01390934 5.98991871 5.96619225 5.94269085 5.9193759 5.89620781 5.87314415 5.85013723 5.83192539 5.81848145 5.8098259 5.80115414 5.79246044 5.783741 5.7749896 5.76620102 5.75736856 5.74848604 5.73954582 5.73053932 5.72145844 5.71229267 5.70303297 5.69366741 5.6841836 5.67456865 5.66480827 5.65488768 5.64479017 5.63449812 5.62399292 5.6132555 5.6022644 5.5909977 5.57943249 5.56754541 5.55531216 5.54270697 5.52970457 5.51627922 5.50240517 5.48805714 5.47320938 5.45783758 5.44191742 5.42542458 5.40833569 5.39062595 5.37226868 5.35323429 5.33348513 5.31297541 5.29164362 5.26940632 5.24614763 5.22171545 5.19590521 5.16847467 5.13918829 5.10798311 5.07535458 5.04287052 5.01294279 4.9874239 4.96680784 4.95071268 4.93849421 4.92953014 4.92330742 4.91944218 4.91760921 4.91775513 4.91922665 4.92398977 4.92460155 4.94910383 4.89353609 5.14708281 4.25909472 5.26430321 4.86278009 5.10893631 5.14296675
6.99993896 6.9999342 6.99992466 6.99990654 6.9998889 6.99986649 6.9998374 6.99980068 6.999753 6.99969196 6.99961424 6.9995141 6.99938583 6.9992218 6.99901104 6.9987421 6.99839735 6.99795723 6.99739456 6.99667645 6.99576187 6.99459887 6.99312305 6.99125576 6.98890162 6.98594618 6.98225689 6.97767973 6.97204542 6.96517229 6.95687485 6.94697285 6.93530703 6.92175007 6.90621662 6.88867331 6.86913681 6.84767294 6.8243885 6.79942226 6.77293301 6.74509382 6.71608257 6.68607712 6.65525484 6.62378645 6.59183979 6.55957747 6.52715445 6.49472046 6.46241474 6.43036556 6.39868593 6.36746979 6.33679295 6.30670738 6.27724648 6.24842262 6.22023249 6.19265747 6.16567039 6.13923645 6.11331463 6.08786392 6.06284142 6.03820372 6.01390982 5.98991871 5.96619225 5.94269085 5.9193759 5.89620829 5.87314415 5.85013723 5.83192539 5.81848145 5.8098259 5.80115414 5.79246044 5.783741 5.7749896 5.76620102 5.75736856 5.74848604 5.73954582 5.73053932 5.72145844 5.71229315 5.70303297 5.69366741 5.6841836 5.67456865 5.66480827 5.65488768 5.64479017 5.63449812 5.62399292 5.6132555 5.6022644 5.5909977 5.57943249 5.56754589 5.55531216 5.54270697 5.52970457 5.51627922 5.50240517 5.48805714 5.47320938 5.45783758 5.44191742 5.42542458 5.40833569 5.39062595 5.37226915 5.35323429 5.33348513 5.31297541 5.29164362 5.26940536 5.24615002 5.22171497 5.19590569 5.16847467 5.13918829 5.10798311 5.07535458 5.04287052 5.01294279 4.9874239 4.96680784 4.95071268 4.93849421 4.92953014 4.92330742 4.91944075 4.91761589 4.91773033 4.91931915 4.92364454 4.92588997 4.94429588 4.91148138 5.08011007 4.50903893 4.61637259 5.16858244 5.04930115 4.82261562
6.9999299 6.99992514 6.99991608 6.99989748 6.99987984 6.99985743 6.99982882 6.99979162 6.99974394 6.99968338 6.99960518 6.99950504 6.99937677 6.99921274 6.99900246 6.99873304 6.99838877 6.99794817 6.99738598 6.99666786 6.99575377 6.99459076 6.99311495 6.99124765 6.98889351 6.98593903 6.98224926 6.97767305 6.97203922 6.96516657 6.95686913 6.9469676 6.93530273 6.92174625 6.90621376 6.88867092 6.8691349 6.84767151 6.82438755 6.79942131 6.77293253 6.74509382 6.71608257 6.68607759 6.65525532 6.6237874 6.59184074 6.55957842 6.5271554 6.49472141 6.4624157 6.43036699 6.39868689 6.36747074 6.3367939 6.30670834 6.27724743 6.24842358 6.22023296 6.19265795 6.16567135 6.13923693 6.11331511 6.0878644 6.06284142 6.03820372 6.01390982 5.98991919 5.96619225 5.94269085 5.91937637 5.89620829 5.87314415 5.85013723 5.83192539 5.81848145 5.80982637 5.80115414 5.79246044 5.783741 5.7749896 5.76620102 5.75736904 5.74848604 5.73954582 5.73053932 5.72145844 5.71229315 5.70303297 5.69366741 5.6841836 5.67456865 5.66480875 5.65488768 5.64479017 5.63449812 5.62399292 5.6132555 5.6022644 5.5909977 5.57943249 5.56754589 5.55531216 5.54270697 5.52970457 5.51627922 5.50240517 5.48805714 5.47320938 5.45783758 5.44191742 5.42542458 5.40833569 5.39062595 5.37226915 5.35323429 5.33348513 5.31297588 5.29164314 5.26940775 5.24614143 5.22171688 5.19590473 5.16847515 5.13918829 5.10798311 5.07535458 5.04287052 5.01294279 4.9874239 4.96680784 4.95071268 4.93849468 4.92952824 4.92331457 4.91941881 4.917696 4.9174304 4.92043781 4.91947079 4.94146538 4.88616753 5.1284194 4.27048683 7.53059483 6.20563221 4.58000708 4.9954896 6.01822376
6.99991846 6.99991369 6.99990416 6.99988604 6.99986839 6.99984598 6.99981737 6.99978018 6.99973249 6.99967194 6.99959373 6.9994936 6.99936533 6.9992013 6.99899101 6.99872208 6.99837732 6.9979372 6.99737453 6.99665689 6.9957428 6.99457979 6.99310446 6.99123764 6.9888835 6.98592901 6.9822402 6.97766399 6.97203064 6.96515894 6.95686197 6.9469614 6.93529701 6.92174101 6.90620947 6.88866758 6.86913204 6.8476696 6.82438612 6.79942036 6.77293253 6.74509382 6.71608305 6.68607855 6.65525627 6.62378836 6.59184217 6.55957985 6.52715683 6.49472284 6.46241713 6.43036795 6.39868832 6.36747217 6.33679485 6.30670977 6.27724838 6.24842453 6.22023392 6.1926589 6.16567183 6.1392374 6.11331558 6.08786488 6.06284189 6.03820419 6.01391029 5.98991919 5.96619272 5.94269133 5.91937637 5.89620829 5.87314463 5.85013723 5.83192539 5.81848145 5.80982637 5.80115414 5.79246092 5.783741 5.7749896 5.76620102 5.75736904 5.74848652 5.73954582 5.73053932 5.72145844 5.71229315 5.70303297 5.69366741 5.6841836 5.67456865 5.66480875 5.65488768 5.64479017 5.63449812 5.6239934 5.6132555 5.6022644 5.5909977 5.57943249 5.56754589 5.55531216 5.54270697 5.52970457 5.51627922 5.50240517 5.48805714 5.47320938 5.45783758 5.44191742 5.42542458 5.40833569 5.39062595 5.37226915 5.35323429 5.33348513 5.31297493 5.29164553 5.26939964 5.24617243 5.22170877 5.19590712 5.1684742 5.13918829 5.10798311 5.07535458 5.04287052 5.01294279 4.9874239 4.96680784 4.95071268 4.93849421 4.92953014 4.92330694 4.91944313 4.91760635 4.91776514 4.9191885 4.9241333 4.92406464 4.95110703 4.88606167 5.17497873 4.1549859 5.14892435 3.70839286 5.91373205 4.82292271
6.99990368 6.99989891 6.99988985 6.99987125 6.99985361 6.9998312 6.99980259 6.9997654 6.99971819 6.99965715 6.99957895 6.99947929 6.99935102 6.99918699 6.99897671 6.99870729 6.99836302 6.9979229 6.99736071 6.99664307 6.99572897 6.99456596 6.99309111 6.99122429 6.9888711 6.98591661 6.98222828 6.97765255 6.97202015 6.96514893 6.95685291 6.9469533 6.93528986 6.92173481 6.90620422 6.88866329 6.8691287 6.84766674 6.82438421 6.7994194 6.77293205 6.74509382 6.71608353 6.6860795 6.65525723 6.62378979 6.59184361 6.55958128 6.52715874 6.49472475 6.46241903 6.43036985 6.39868975 6.36747408 6.33679628 6.3067112 6.27724981 6.24842548 6.22023487 6.19265985 6.16567278 6.13923836 6.11331654 6.08786535 6.06284237 6.03820467 6.01391077 5.98991966 5.9661932 5.94269133 5.91937685 5.89620876 5.87314463 5.85013771 5.83192587 5.81848192 5.80982637 5.80115414 5.79246092 5.783741 5.77499008 5.76620102 5.75736904 5.74848652 5.73954582 5.73053932 5.72145844 5.71229315 5.70303345 5.69366741 5.6841836 5.67456865 5.66480875 5.65488768 5.64479017 5.63449812 5.6239934 5.6132555 5.6022644 5.5909977 5.57943296 5.56754589 5.55531216 5.54270697 5.52970457 5.51627922 5.50240517 5.48805714 5.47320938 5.45783758 5.44191742 5.42542458 5.40833569 5.39062595 5.37226915 5.35323429 5.33348513 5.31297588 5.29164314 5.26940775 5.24614143 5.22171688 5.19590473 5.16847515 5.13918829 5.10798311 5.07535458 5.04287052 5.01294279 4.9874239 4.96680784 4.95071268 4.93849421 4.92952967 4.9233098 4.91943216 4.91764688 4.91761446 4.91975117 4.92203379 4.93190193 4.92185926 4.99521589 4.7676096 5.67530823 3.13409638 10.7035351 1.65122473 5.14169931
6.99988508 6.99987984 6.99987078 6.99985266 6.99983501 6.9998126 6.99978352 6.9997468 6.99969912 6.99963808 6.99956036 6.99946022 6.99933243 6.99916792 6.99895811 6.9986887 6.99834442 6.9979043 6.99734211 6.99662495 6.99571085 6.99454832 6.99307346 6.9912076 6.98885441 6.98590088 6.98221302 6.97763824 6.97200632 6.96513605 6.95684147 6.94694281 6.93528032 6.92172718 6.90619755 6.88865757 6.86912441 6.84766388 6.82438231 6.79941797 6.7729311 6.74509382 6.71608448 6.68608046 6.65525913 6.62379169 6.59184599 6.55958366 6.52716112 6.49472713 6.46242142 6.43037224 6.39869213 6.36747599 6.33679819 6.30671263 6.27725124 6.24842739 6.2202363 6.19266129 6.16567373 6.13923931 6.11331749 6.08786631 6.06284332 6.03820562 6.01391125 5.98992014 5.9661932 5.9426918 5.91937685 5.89620876 5.8731451 5.85013771 5.83192587 5.81848192 5.80982685 5.80115461 5.79246092 5.78374147 5.77499008 5.7662015 5.75736904 5.74848652 5.73954582 5.7305398 5.72145844 5.71229315 5.70303345 5.69366741 5.6841836 5.67456913 5.66480875 5.65488815 5.64479017 5.63449812 5.6239934 5.6132555 5.6022644 5.5909977 5.57943296 5.56754589 5.55531216 5.54270697 5.52970457 5.51627922 5.50240517 5.48805714 5.47320938 5.45783758 5.44191742 5.42542458 5.40833616 5.39062595 5.37226915 5.35323429 5.33348513 5.31297541 5.2916441 5.26940536 5.24615002 5.22171497 5.19590569 5.16847467 5.13918829 5.10798311 5.07535458 5.04287052 5.01294279 4.9874239 4.96680784 4.95071316 4.93849421 4.92953062 4.92330647 4.91944504 4.91759825 4.9177947 4.91907835 4.92454386 4.92253304 4.95682335 4.86472702 5.25459957 3.85783529 8.9352808 1.19437289 7.11137104 5.06189442
6.99986076 6.99985552 6.99984646 6.99982834 6.9998107 6.99978828 6.9997592 6.99972248 6.9996748 6.99961424 6.99953604 6.99943638 6.99930811 6.99914408 6.99893379 6.99866486 6.99832106 6.99788094 6.99731874 6.99660158 6.99568796 6.99452591 6.99305153 6.99118567 6.98883343 6.98588037 6.98219347 6.97761965 6.97198915 6.96511984 6.95682621 6.94692945 6.9352684 6.92171669 6.90618896 6.88865042 6.86911869 6.84765959 6.82437944 6.79941654 6.77293062 6.7450943 6.71608496 6.68608189 6.65526104 6.62379408 6.59184837 6.55958652 6.52716398 6.49473 6.46242428 6.4303751 6.39869499 6.36747837 6.33680105 6.30671501 6.27725363 6.2484293 6.22023821 6.19266272 6.16567516 6.13924026 6.11331844 6.08786726 6.06284428 6.0382061 6.01391172 5.98992109 5.96619415 5.94269228 5.91937733 5.89620924 5.8731451 5.85013819 5.83192635 5.8184824 5.80982685 5.80115461 5.7924614 5.78374147 5.77499008 5.7662015 5.75736952 5.74848652 5.7395463 5.7305398 5.72145891 5.71229362 5.70303345 5.69366789 5.68418407 5.67456913 5.66480875 5.65488815 5.64479017 5.6344986 5.6239934 5.6132555 5.6022644 5.5909977 5.57943296 5.56754589 5.55531216 5.54270697 5.52970457 5.51627922 5.50240564 5.48805714 5.47320938 5.45783758 5.44191742 5.42542505 5.40833616 5.39062643 5.37226915 5.35323429 5.33348513 5.31297588 5.29164362 5.26940632 5.24614763 5.22171545 5.19590521 5.16847467 5.13918829 5.10798311 5.07535458 5.04287052 5.01294279 4.9874239 4.96680784 4.95071268 4.93849421 4.92952967 4.9233098 4.91943359 4.91764212 4.91763163 4.91968679 4.92227316 4.93100834 4.92519331 4.98277187 4.81404972 5.50198984 3.06698465 6.63156891 4.20719242 5.06233692
6.99982977 6.99982452 6.99981546 6.99979734 6.9997797 6.99975729 6.9997282 6.99969149 6.9996438 6.99958324 6.99950504 6.99940538 6.99927711 6.99911356 6.99890327 6.99863434 6.99829054 6.99785042 6.9972887 6.99657202 6.9956584 6.99449682 6.99302292 6.99115753 6.98880625 6.98585415 6.9821682 6.97759533 6.97196627 6.96509886 6.95680714 6.94691181 6.93525314 6.92170334 6.90617752 6.88864136 6.86911154 6.84765387 6.82437563 6.79941416 6.77292967 6.7450943 6.71608639 6.68608379 6.65526342 6.62379694 6.59185171 6.55958986 6.5271678 6.49473381 6.46242809 6.43037891 6.39869833 6.36748219 6.33680391 6.30671787 6.27725649 6.24843168 6.22024059 6.19266462 6.16567707 6.13924217 6.11331987 6.08786869 6.06284523 6.03820705 6.01391268 5.98992157 5.96619463 5.94269323 5.91937828 5.89620972 5.87314558 5.85013866 5.83192635 5.8184824 5.80982733 5.80115509 5.7924614 5.78374195 5.77499056 5.76620197 5.75736952 5.748487 5.7395463 5.7305398 5.72145891 5.71229362 5.70303345 5.69366789 5.68418407 5.67456913 5.66480875 5.65488815 5.64479065 5.6344986 5.6239934 5.61325598 5.6022644 5.5909977 5.57943296 5.56754589 5.55531263 5.54270697 5.52970457 5.5162797 5.50240564 5.48805714 5.47320938 5.45783758 5.44191742 5.42542505 5.40833616 5.39062643 5.37226915 5.35323429 5.33348513 5.31297588 5.29164362 5.26940584 5.24614811 5.22171545 5.19590569 5.16847467 5.13918829 5.10798311 5.07535458 5.04287052 5.01294279 4.9874239 4.96680784 4.95071316 4.93849421 4.92953062 4.92330694 4.91944456 4.91760111 4.91778469 4.9191165 4.92440271 4.92305994 4.95485687 4.87206554 5.22721148 3.96005034 8.73220634 2.39646602 6.36150026 5.1403718
6.99978971 6.99978495 6.99977589 6.99975729 6.99974012 6.99971771 6.99968863 6.99965191 6.99960423 6.99954367 6.99946547 6.99936581 6.99923801 6.99907398 6.99886417 6.99859524 6.99825144 6.99781179 6.99725008 6.99653387 6.99562073 6.99445963 6.9929862 6.99112177 6.98877144 6.98582029 6.98213577 6.97756481 6.97193766 6.96507215 6.95678234 6.94688988 6.93523359 6.92168617 6.90616322 6.88862944 6.86910248 6.84764719 6.82437086 6.7994113 6.77292824 6.7450943 6.71608734 6.68608618 6.65526676 6.62380075 6.591856 6.55959463 6.52717257 6.49473858 6.46243286 6.43038368 6.3987031 6.36748648 6.3368082 6.30672216 6.27725983 6.24843502 6.22024345 6.19266748 6.16567945 6.13924408 6.11332178 6.0878706 6.06284666 6.03820848 6.01391411 5.98992252 5.96619558 5.94269371 5.91937876 5.89621067 5.87314606 5.85013914 5.83192682 5.81848288 5.80982733 5.80115557 5.79246187 5.78374195 5.77499056 5.76620197 5.75737 5.748487 5.73954678 5.73054028 5.72145891 5.71229362 5.70303392 5.69366789 5.68418407 5.67456961 5.66480923 5.65488815 5.64479065 5.6344986 5.62399387 5.61325598 5.60226488 5.59099817 5.57943296 5.56754589 5.55531263 5.54270744 5.52970505 5.5162797 5.50240564 5.48805714 5.47320986 5.45783758 5.44191742 5.42542505 5.40833616 5.39062643 5.37226915 5.35323429 5.33348513 5.31297588 5.2916441 5.26940632 5.24614811 5.22171545 5.19590569 5.16847515 5.13918829 5.10798311 5.07535458 5.04287052 5.01294279 4.98742437 4.96680784 4.95071268 4.93849421 4.92952967 4.92330933 4.91943502 4.91763592 4.91765499 4.91960001 4.92259836 4.92979431 4.92972469 4.96586084 4.87716293 5.2664485 3.94639158 5.89516449 4.65070629 4.82778978
6.99973869 6.99973392 6.99972486 6.99970627 6.9996891 6.99966669 6.9996376 6.99960089 6.9995532 6.99949265 6.99941492 6.99931526 6.99918699 6.99902344 6.99881363 6.99854517 6.99820137 6.9977622 6.99720097 6.99648476 6.99557209 6.99441195 6.992939 6.99107599 6.98872662 6.9857769 6.98209429 6.97752523 6.97189999 6.96503735 6.95675087 6.94686127 6.93520832 6.92166471 6.90614462 6.88861465 6.86909056 6.84763813 6.82436466 6.79940748 6.77292681 6.74509478 6.71608925 6.68608904 6.65527058 6.62380552 6.59186172 6.55960035 6.52717876 6.49474478 6.46243954 6.43038988 6.39870882 6.3674922 6.33681345 6.30672693 6.2772646 6.24843931 6.22024727 6.19267082 6.16568232 6.13924694 6.11332417 6.08787251 6.06284857 6.03821039 6.01391554 5.98992395 5.96619654 5.94269466 5.91937971 5.89621115 5.87314701 5.85013962 5.83192778 5.81848335 5.80982828 5.80115604 5.79246235 5.78374243 5.77499104 5.76620245 5.75737 5.74848747 5.73954678 5.73054075 5.72145939 5.7122941 5.70303392 5.69366837 5.68418455 5.67456961 5.66480923 5.65488863 5.64479113 5.63449907 5.62399387 5.61325598 5.60226488 5.59099817 5.57943344 5.56754637 5.55531263 5.54270744 5.52970505 5.5162797 5.50240564 5.48805761 5.47320986 5.45783806 5.44191742 5.42542505 5.40833616 5.39062643 5.37226915 5.35323429 5.33348513 5.31297588 5.2916441 5.26940632 5.24614811 5.22171545 5.19590569 5.16847515 5.13918829 5.10798311 5.07535458 5.04287052 5.01294279 4.98742437 4.96680784 4.95071316 4.93849421 4.92953014 4.92330837 4.91943836 4.91762352 4.91770124 4.91942739 4.92324257 4.9273901 4.93869686 4.93237686 5.00212812 4.80007267 5.41763449 4.1400032 5.33730984 6.00008297
6.99967337 6.9996686 6.99965954 6.99964094 6.99962378 6.99960136 6.99957228 6.99953556 6.99948835 6.99942732 6.99934959 6.99924994 6.99912214 6.99895859 6.99874878 6.99848032 6.998137 6.99769831 6.99713755 6.99642181 6.9955101 6.99435043 6.99287891 6.99101686 6.98866892 6.98572111 6.98204088 6.97747421 6.9718523 6.96499252 6.95670986 6.94682407 6.9351759 6.9216361 6.90612125 6.8885951 6.8690753 6.84762669 6.82435656 6.79940271 6.77292442 6.74509478 6.71609163 6.68609333 6.65527582 6.62381172 6.5918684 6.55960798 6.52718639 6.49475288 6.46244717 6.43039751 6.39871645 6.36749935 6.33682013 6.30673313 6.27727032 6.24844456 6.22025204 6.19267511 6.16568661 6.13925028 6.1133275 6.08787537 6.06285095 6.0382123 6.01391745 5.98992586 5.96619844 5.94269609 5.91938066 5.8962121 5.87314796 5.85014057 5.83192825 5.81848431 5.80982876 5.80115652 5.79246283 5.7837429 5.77499151 5.76620293 5.75737047 5.74848795 5.73954725 5.73054075 5.72145987 5.71229458 5.7030344 5.69366884 5.68418503 5.67457008 5.6648097 5.65488863 5.64479113 5.63449907 5.62399387 5.61325645 5.60226488 5.59099865 5.57943344 5.56754637 5.55531263 5.54270744 5.52970505 5.5162797 5.50240564 5.48805761 5.47320986 5.45783806 5.4419179 5.42542505 5.40833616 5.39062643 5.37226915 5.35323429 5.3334856 5.31297588 5.2916441 5.26940632 5.24614811 5.22171545 5.19590569 5.16847515 5.13918829 5.10798311 5.07535458 5.04287052 5.01294279 4.98742437 4.96680784 4.95071316 4.93849421 4.92952967 4.92330933 4.91943455 4.91763878 4.91764498 4.91963816 4.92245579 4.93032598 4.9277401 4.97326565 4.84952879 5.36958075 4.27940559 7.86948681 3.38121533 4.89031267
6.99958944 6.99958467 6.99957561 6.9995575 6.99953985 6.99951744 6.99948883 6.99945164 6.99940443 6.99934387 6.99926615 6.99916649 6.99903917 6.99887562 6.99866581 6.99839783 6.99805498 6.99761629 6.99705601 6.99634123 6.99542999 6.99427176 6.99280119 6.99094105 6.98859501 6.98564959 6.98197174 6.97740889 6.97179031 6.9649353 6.95665741 6.94677687 6.93513393 6.92159986 6.90609026 6.88856983 6.86905527 6.8476119 6.82434607 6.79939651 6.77292204 6.74509525 6.71609449 6.6860981 6.6552825 6.62381983 6.59187746 6.55961752 6.52719641 6.49476337 6.46245766 6.43040752 6.39872646 6.36750841 6.33682919 6.30674124 6.27727747 6.24845123 6.22025824 6.19268084 6.16569138 6.13925505 6.11333132 6.0878787 6.06285429 6.03821516 6.01391983 5.98992777 5.96620035 5.942698 5.9193821 5.89621353 5.87314892 5.85014153 5.83192921 5.81848478 5.80982971 5.80115747 5.79246378 5.78374386 5.77499247 5.7662034 5.75737143 5.74848843 5.73954821 5.73054171 5.72146034 5.71229506 5.70303488 5.69366932 5.6841855 5.67457056 5.66481018 5.65488911 5.6447916 5.63449955 5.62399435 5.61325645 5.60226536 5.59099865 5.57943392 5.56754684 5.55531311 5.54270792 5.52970552 5.51628017 5.50240612 5.48805761 5.47320986 5.45783806 5.4419179 5.42542505 5.40833616 5.39062643 5.37226963 5.35323477 5.3334856 5.31297588 5.2916441 5.26940632 5.24614859 5.22171545 5.19590569 5.16847467 5.13918829 5.10798311 5.07535458 5.04287052 5.01294279 4.98742437 4.96680784 4.95071316 4.93849421 4.92953062 4.92330694 4.91944408 4.91760302 4.91777849 4.91914034 4.92431355 4.92339325 4.9536128 4.87671566 5.20985746 4.02481747 5.61861086 3.95817351 5.7039957 4.89028072
6.99948215 6.99947739 6.99946833 6.99945021 6.99943256 6.99941015 6.99938154 6.99934483 6.99929762 6.99923706 6.99915934 6.99905968 6.99893236 6.99876881 6.99855995 6.99829197 6.9979496 6.99751139 6.99695158 6.99623775 6.99532795 6.99417067 6.99270201 6.9908433 6.98849964 6.98555756 6.98188353 6.97732449 6.97171116 6.96486139 6.9565897 6.94671583 6.93507957 6.92155313 6.90605116 6.88853788 6.86903 6.84759283 6.82433319 6.79938841 6.77291822 6.74509573 6.71609831 6.6861043 6.65529108 6.62383032 6.59188938 6.55963039 6.52720976 6.49477673 6.46247101 6.4304204 6.39873886 6.36752033 6.33684015 6.30675173 6.27728701 6.24845982 6.22026587 6.19268799 6.16569805 6.13926077 6.11333656 6.08788347 6.06285858 6.03821898 6.01392317 5.98993063 5.96620274 5.94269991 5.919384 5.89621544 5.87315035 5.85014248 5.83193016 5.81848621 5.80983067 5.80115843 5.79246473 5.78374481 5.77499342 5.76620436 5.7573719 5.74848938 5.73954868 5.73054218 5.72146082 5.71229553 5.70303535 5.6936698 5.68418598 5.67457104 5.66481066 5.65488958 5.64479208 5.63450003 5.62399483 5.61325693 5.60226583 5.59099913 5.57943392 5.56754684 5.55531359 5.54270792 5.52970552 5.51628017 5.50240612 5.48805809 5.47321033 5.45783854 5.4419179 5.42542553 5.40833664 5.39062691 5.37226963 5.35323477 5.3334856 5.31297588 5.2916441 5.26940632 5.24614859 5.22171545 5.19590569 5.16847515 5.13918829 5.10798311 5.07535458 5.04287052 5.01294327 4.98742437 4.96680784 4.95071316 4.93849468 4.92952824 4.92331553 4.91941309 4.91771841 4.91734886 4.92074394 4.91832924 4.94572735 4.87026262 5.18775415 4.04905319 8.35699558 3.18157697 6.41493273 4.10444355 6.00017786
6.99934483 6.99934006 6.999331 6.99931288 6.99929523 6.99927282 6.99924421 6.9992075 6.99916029 6.99909973 6.99902248 6.99892282 6.99879551 6.99863243 6.99842358 6.99815607 6.99781418 6.99737692 6.99681807 6.99610472 6.99519634 6.99404049 6.99257421 6.99071836 6.98837757 6.9854393 6.98176956 6.97721577 6.97160864 6.9647665 6.95650244 6.94663715 6.93500996 6.92149305 6.90600014 6.88849592 6.8689971 6.84756804 6.82431602 6.79937792 6.77291346 6.74509621 6.7161026 6.6861124 6.65530205 6.62384319 6.59190416 6.55964613 6.52722645 6.49479342 6.4624877 6.43043709 6.3987546 6.36753559 6.33685446 6.30676508 6.2772994 6.24847126 6.22027636 6.19269705 6.16570616 6.13926792 6.11334324 6.08788919 6.06286335 6.03822327 6.01392698 5.98993444 5.9662056 5.94270277 5.91938686 5.89621735 5.87315226 5.85014439 5.83193207 5.81848764 5.8098321 5.80115938 5.79246569 5.78374577 5.77499437 5.76620531 5.75737286 5.74849033 5.73954964 5.73054314 5.72146177 5.71229649 5.70303631 5.69367027 5.68418646 5.67457151 5.66481113 5.65489006 5.64479256 5.6345005 5.6239953 5.61325741 5.60226631 5.5909996 5.57943439 5.56754732 5.55531359 5.5427084 5.529706 5.51628065 5.5024066 5.48805809 5.47321033 5.45783854 5.44191837 5.42542553 5.40833664 5.39062691 5.37226963 5.35323477 5.3334856 5.31297636 5.29164457 5.2694068 5.24614859 5.22171593 5.19590569 5.16847515 5.13918877 5.10798311 5.07535505 5.04287052 5.01294327 4.98742437 4.96680784 4.95071316 4.93849421 4.9295311 4.92330599 4.91944885 4.91758585 4.91784286 4.91889954 4.92521334 4.92003536 4.96614599 4.83002138 5.38410091 3.37453747 8.62047958 2.66071892 6.28241253 4.82744026
6.99916887 6.9991641 6.99915457 6.99913692 6.99911928 6.99909687 6.99906826 6.99903154 6.99898434 6.99892426 6.99884701 6.99874783 6.99862051 6.99845791 6.99824953 6.9979825 6.99764109 6.9972043 6.9966464 6.99593496 6.99502802 6.99387407 6.99241018 6.99055767 6.98822117 6.98528719 6.98162317 6.97707653 6.97147703 6.96464348 6.95638943 6.94653559 6.93492031 6.92141533 6.90593433 6.88844204 6.86895466 6.84753656 6.82429361 6.79936409 6.77290773 6.74509621 6.7161088 6.68612289 6.65531588 6.62386036 6.59192276 6.55966663 6.52724743 6.49481535 6.46250963 6.43045855 6.3987751 6.36755514 6.33687305 6.30678225 6.27731514 6.24848557 6.22028923 6.19270897 6.16571665 6.13927746 6.11335182 6.08789682 6.06287003 6.03822947 6.01393223 5.98993874 5.96620989 5.94270611 5.91938972 5.89622021 5.87315464 5.85014629 5.83193398 5.81848907 5.80983353 5.80116129 5.79246712 5.7837472 5.7749958 5.76620674 5.75737429 5.74849129 5.73955059 5.73054409 5.72146273 5.71229744 5.70303726 5.69367123 5.68418741 5.67457247 5.66481209 5.65489101 5.64479303 5.63450098 5.62399578 5.61325836 5.60226679 5.59100008 5.57943487 5.5675478 5.55531406 5.54270887 5.52970648 5.51628113 5.50240707 5.48805857 5.47321081 5.45783901 5.44191885 5.42542601 5.40833712 5.39062738 5.37227011 5.35323524 5.33348608 5.31297636 5.29164457 5.2694068 5.24614859 5.22171593 5.19590569 5.16847515 5.13918877 5.10798359 5.07535505 5.04287052 5.01294327 4.98742437 4.96680832 4.95071316 4.93849468 4.92953062 4.92330837 4.91943932 4.91762257 4.91770649 4.91941023 4.92330694 4.92715216 4.93958664 4.92903471 5.01460838 4.75349474 4.27870703 5.0547905 5.06980658 5.14167452
6.99894333 6.99893856 6.9989295 6.99891138 6.99889421 6.9988718 6.99884319 6.99880648 6.99875975 6.99869919 6.99862194 6.99852324 6.9983964 6.99823427 6.99802589 6.99775982 6.99741888 6.99698353 6.99642706 6.99571657 6.99481201 6.99366093 6.9921999 6.9903512 6.98801947 6.98509216 6.9814353 6.97689676 6.97130775 6.96448565 6.95624447 6.94640446 6.93480396 6.92131472 6.90584946 6.88837242 6.86889982 6.84749508 6.824265 6.79934645 6.77289963 6.74509668 6.71611595 6.68613625 6.655334 6.62388182 6.59194708 6.55969286 6.52727509 6.49484301 6.46253729 6.43048573 6.39880133 6.36757994 6.33689642 6.30680418 6.27733564 6.24850416 6.22030592 6.19272423 6.16573048 6.13928986 6.11336231 6.08790636 6.06287861 6.03823662 6.0139389 5.98994493 5.96621513 5.94271088 5.91939402 5.89622355 5.87315798 5.85014915 5.83193636 5.81849146 5.80983591 5.8011632 5.7924695 5.7837491 5.77499771 5.76620865 5.75737619 5.74849319 5.7395525 5.73054552 5.72146416 5.71229887 5.70303869 5.69367266 5.68418837 5.67457342 5.66481304 5.65489197 5.64479399 5.63450193 5.62399673 5.61325884 5.60226774 5.59100056 5.57943583 5.56754875 5.55531502 5.54270935 5.52970695 5.5162816 5.50240755 5.48805904 5.47321129 5.45783949 5.44191885 5.42542648 5.40833759 5.39062738 5.37227011 5.35323524 5.33348656 5.31297684 5.29164457 5.2694068 5.24614906 5.22171593 5.19590616 5.16847563 5.13918877 5.10798359 5.07535505 5.042871 5.01294327 4.98742437 4.96680832 4.95071316 4.93849516 4.92952919 4.92331362 4.91942024 4.91769409 4.91743994 4.92040491 4.91960001 4.94098425 4.88796377 5.12172318 4.29547739 7.43733072 4.20011997 7.23723459 3.74000478 5.05747557
6.99865484 6.99865007 6.99864101 6.99862289 6.99860573 6.99858332 6.99855471 6.99851847 6.99847174 6.99841166 6.99833441 6.99823618 6.99810934 6.99794769 6.99774027 6.99747467 6.99713516 6.99670076 6.99614573 6.99543762 6.99453497 6.99338722 6.99193048 6.99008656 6.98776102 6.98484087 6.98119354 6.97666597 6.97108936 6.96428204 6.95605707 6.9462347 6.93465376 6.92118454 6.90573931 6.8882823 6.8688283 6.84744167 6.82422733 6.79932308 6.77288914 6.74509668 6.71612501 6.68615294 6.65535688 6.62390947 6.59197855 6.55972624 6.52730989 6.49487877 6.46257257 6.43052053 6.39883518 6.36761236 6.33692646 6.30683184 6.27736139 6.24852753 6.22032738 6.1927433 6.16574764 6.13930511 6.11337614 6.08791876 6.06288958 6.03824663 6.01394749 5.98995209 5.96622181 5.9427166 5.91939878 5.89622831 5.87316179 5.85015249 5.8319397 5.81849432 5.80983877 5.80116606 5.79247189 5.78375149 5.7750001 5.76621103 5.7573781 5.7484951 5.73955441 5.73054743 5.72146606 5.7123003 5.70304012 5.69367409 5.6841898 5.67457485 5.66481447 5.6548934 5.64479542 5.63450289 5.62399769 5.61325979 5.6022687 5.59100151 5.57943678 5.56754923 5.55531549 5.5427103 5.52970791 5.51628208 5.50240803 5.48805952 5.47321177 5.45783997 5.44191933 5.42542696 5.40833807 5.39062786 5.37227058 5.35323572 5.33348656 5.31297684 5.29164505 5.26940727 5.24614906 5.2217164 5.19590616 5.16847563 5.13918877 5.10798359 5.07535505 5.042871 5.01294327 4.98742485 4.96680832 4.95071363 4.93849516 4.92952967 4.92331266 4.91942501 4.91767693 4.91750574 4.92016029 4.92049313 4.93765831 4.90038347 5.07536268 4.46850061 6.79159832 4.14369965 7.52636671 3.55936074 5.08003902
6.99828577 6.998281 6.99827194 6.99825382 6.99823666 6.99821472 6.99818611 6.99814987 6.99810314 6.99804354 6.99796677 6.99786854 6.99774265 6.99758101 6.99737453 6.99710989 6.99677134 6.99633837 6.99578571 6.99507999 6.99418068 6.99303675 6.99158525 6.98974752 6.98742962 6.984519 6.98088264 6.9763689 6.97080851 6.9640193 6.95581532 6.94601631 6.93445969 6.92101574 6.90559673 6.88816547 6.86873579 6.84737158 6.82417822 6.79929304 6.77287483 6.74509668 6.71613693 6.68617439 6.65538597 6.62394428 6.59201813 6.55976915 6.52735472 6.49492455 6.46261835 6.43056536 6.39887857 6.36765337 6.33696508 6.30686808 6.27739429 6.24855804 6.22035503 6.19276857 6.16577005 6.13932514 6.11339426 6.08793449 6.06290388 6.03825903 6.01395845 5.9899621 5.96622992 5.94272423 5.91940546 5.89623404 5.87316704 5.85015726 5.83194351 5.81849813 5.80984211 5.8011694 5.79247522 5.78375483 5.77500296 5.76621342 5.75738096 5.74849749 5.73955679 5.73054981 5.72146845 5.71230268 5.70304203 5.69367599 5.6841917 5.67457676 5.6648159 5.65489483 5.64479685 5.6345048 5.62399912 5.61326122 5.60226965 5.59100294 5.57943773 5.56755066 5.55531693 5.54271126 5.52970886 5.51628304 5.50240898 5.48806047 5.47321272 5.45784044 5.44192028 5.42542744 5.40833855 5.39062834 5.37227106 5.3532362 5.33348703 5.31297731 5.29164553 5.26940775 5.24614954 5.2217164 5.19590664 5.16847563 5.13918924 5.10798359 5.07535505 5.042871 5.01294374 4.98742485 4.9668088 4.95071363 4.93849516 4.92953014 4.92331266 4.91942549 4.91767597 4.91751003 4.92014456 4.9206295 4.93712997 4.90233088 5.06810474 4.49558592 6.69051695 4.44801474 4.18736219 5.61175632 5.0739851
6.9978137 6.99780893 6.99779987 6.99778223 6.99776506 6.99774313 6.99771452 6.99767876 6.99763203 6.99757242 6.99749613 6.99739838 6.99727297 6.99711227 6.99690676 6.99664307 6.99630642 6.99587536 6.99532509 6.99462223 6.99372721 6.99258804 6.99114275 6.98931313 6.98700476 6.98410606 6.98048401 6.97598743 6.97044706 6.96368122 6.95550394 6.94573402 6.93420887 6.92079782 6.90541172 6.88801336 6.86861515 6.8472805 6.82411432 6.79925299 6.77285576 6.74509573 6.71615124 6.6862011 6.65542269 6.62398958 6.59206867 6.55982399 6.52741241 6.4949832 6.462677 6.43062258 6.39893389 6.36770582 6.33701468 6.30691433 6.27743721 6.24859715 6.22039032 6.19280052 6.16579866 6.13935089 6.11341715 6.087955 6.06292152 6.03827477 6.01397228 5.9899745 5.96624088 5.94273376 5.91941404 5.89624166 5.87317371 5.85016298 5.83194876 5.81850338 5.80984688 5.80117369 5.79247952 5.78375864 5.77500677 5.76621723 5.7573843 5.74850082 5.73955965 5.73055267 5.72147131 5.71230507 5.70304489 5.69367838 5.68419409 5.67457867 5.66481829 5.65489674 5.64479876 5.63450623 5.62400103 5.61326313 5.60227156 5.59100437 5.57943916 5.56755209 5.55531788 5.54271269 5.52970982 5.51628447 5.50240993 5.48806143 5.47321367 5.4578414 5.44192123 5.42542839 5.40833902 5.39062929 5.37227201 5.35323668 5.33348751 5.31297779 5.291646 5.26940823 5.24615002 5.22171688 5.19590664 5.1684761 5.13918924 5.10798407 5.07535553 5.042871 5.01294374 4.98742533 4.9668088 4.95071411 4.93849564 4.92952967 4.92331409 4.91942215 4.9176898 4.91745901 4.92033672 4.91983557 4.94011402 4.89130545 5.10922384 4.34213686 7.26319504 5.06873465 7.79525852 3.31828022 5.07563734
6.99721098 6.99720621 6.99719715 6.99717951 6.99716234 6.99714041 6.99711227 6.99707651 6.99703026 6.99697113 6.99689484 6.99679756 6.99667311 6.99651337 6.9963088 6.99604702 6.9957118 6.9952836 6.99473619 6.99403715 6.9931469 6.99201441 6.99057674 6.98875666 6.98646069 6.9835763 6.97997236 6.97549725 6.96998262 6.96324635 6.95510244 6.94536924 6.93388414 6.92051506 6.90517187 6.88781548 6.86845827 6.84716177 6.82402992 6.79920006 6.77283001 6.74509335 6.7161684 6.68623495 6.65546989 6.62404633 6.59213352 6.55989408 6.52748585 6.49505806 6.46275187 6.43069601 6.39900446 6.36777353 6.33707857 6.30697346 6.27749157 6.24864674 6.22043562 6.19284105 6.16583538 6.13938379 6.11344624 6.08798075 6.06294489 6.03829527 6.0139904 5.98999023 5.96625519 5.94274616 5.91942501 5.8962512 5.87318182 5.85017061 5.83195543 5.81850958 5.8098526 5.80117941 5.79248476 5.78376389 5.77501154 5.766222 5.75738859 5.74850512 5.73956394 5.73055649 5.72147465 5.71230888 5.70304823 5.69368172 5.68419743 5.67458153 5.66482115 5.6548996 5.64480162 5.63450861 5.62400341 5.61326504 5.60227346 5.59100628 5.57944107 5.56755352 5.55531979 5.54271412 5.52971125 5.5162859 5.50241137 5.48806286 5.47321463 5.45784283 5.44192219 5.42542934 5.40833998 5.39063025 5.37227249 5.35323763 5.33348846 5.31297874 5.29164648 5.2694087 5.24615049 5.22171736 5.19590712 5.16847658 5.13918972 5.10798407 5.07535553 5.04287148 5.01294422 4.98742533 4.96680927 4.95071459 4.93849564 4.92953205 4.92330742 4.91944885 4.91759062 4.91783047 4.91895103 4.92502928 4.92072582 4.96354914 4.83963823 5.34823418 3.50839329 8.12283611 1.07976365 7.2452817 5.07508469
6.99644136 6.9964366 6.99642754 6.99640989 6.99639273 6.99637127 6.99634314 6.99630737 6.9962616 6.99620295 6.99612761 6.99603081 6.99590731 6.99574852 6.99554539 6.99528551 6.99495268 6.99452734 6.99398375 6.99328995 6.99240589 6.99128103 6.98985291 6.98804474 6.98576403 6.98289824 6.97931719 6.97486925 6.9693861 6.96268702 6.95458555 6.94489908 6.93346453 6.92014885 6.9048605 6.88755798 6.86825323 6.84700584 6.8239193 6.79912949 6.7727952 6.74508905 6.71618938 6.68627691 6.65552902 6.6241188 6.59221601 6.55998373 6.52757931 6.4951539 6.46284723 6.43078995 6.39909554 6.36786032 6.33715963 6.30704927 6.27756166 6.24871063 6.22049379 6.19289351 6.16588259 6.13942575 6.11348391 6.08801413 6.06297445 6.0383215 6.01401377 5.99001074 5.96627331 5.9427619 5.91943884 5.8962636 5.87319279 5.85018015 5.83196402 5.81851721 5.80986023 5.80118656 5.79249191 5.78377056 5.77501774 5.7662282 5.75739431 5.74851084 5.73956919 5.73056173 5.72147942 5.71231318 5.70305252 5.69368553 5.68420124 5.67458534 5.66482449 5.65490294 5.64480448 5.63451195 5.62400627 5.6132679 5.60227633 5.59100914 5.57944345 5.5675559 5.55532169 5.54271603 5.52971315 5.5162878 5.50241327 5.48806429 5.47321653 5.45784426 5.44192362 5.42543077 5.40834141 5.3906312 5.37227392 5.35323858 5.33348942 5.3129797 5.29164743 5.26940918 5.24615097 5.22171783 5.19590759 5.16847706 5.1391902 5.10798454 5.07535601 5.04287195 5.0129447 4.9874258 4.96680975 4.95071507 4.93849611 4.92953157 4.92331123 4.91943645 4.91763878 4.91765213 4.91961813 4.92253685 4.93003178 4.92885113 4.96912622 4.86499071 5.31188011 4.38211918 9.99829578 2.00449705 5.07564354
6.99545956 6.99545479 6.99544621 6.99542856 6.99541187 6.99539042 6.99536276 6.995327 6.9952817 6.99522352 6.99514866 6.99505281 6.99493027 6.99477291 6.99457169 6.99431419 6.99398422 6.9935627 6.99302387 6.99233627 6.99145937 6.99034452 6.98892832 6.98713589 6.98487377 6.98203135 6.97847795 6.97406387 6.96862125 6.9619689 6.95392036 6.94429302 6.93292284 6.91967487 6.90445566 6.88722277 6.86798525 6.84680128 6.82377291 6.79903555 6.77274704 6.74508047 6.71621466 6.68632936 6.65560341 6.62421083 6.59232092 6.56009769 6.52769947 6.49527597 6.46296978 6.43091011 6.39921188 6.36797094 6.33726406 6.30714655 6.27765131 6.24879265 6.22056818 6.19296074 6.16594315 6.13948011 6.11353207 6.08805704 6.06301212 6.03835487 6.01404333 5.99003696 5.9662962 5.9427824 5.91945696 5.89627934 5.87320662 5.85019207 5.83197498 5.8185277 5.80987024 5.8011961 5.7925005 5.78377914 5.77502584 5.76623583 5.75740194 5.74851751 5.73957586 5.73056793 5.72148561 5.7123189 5.70305777 5.69369125 5.68420601 5.67459011 5.66482925 5.65490723 5.64480877 5.63451576 5.62401009 5.61327171 5.60227966 5.591012 5.57944632 5.56755877 5.55532455 5.54271889 5.52971601 5.51628971 5.50241518 5.48806667 5.47321844 5.45784616 5.44192553 5.42543221 5.40834284 5.39063263 5.37227535 5.35324001 5.33349037 5.31298065 5.29164839 5.26941013 5.24615192 5.22171879 5.19590855 5.16847754 5.13919067 5.10798502 5.07535648 5.04287243 5.01294518 4.98742628 4.96681023 4.95071554 4.93849659 4.929533 4.92330885 4.91944695 4.91760206 4.91779137 4.91910172 4.92446661 4.92283106 4.95571804 4.86886215 5.23915291 3.9154985 8.59255314 1.56041157 6.9086895 5.07396126
6.99420929 6.99420452 6.99419594 6.99417877 6.99416208 6.99414062 6.99411345 6.99407864 6.99403334 6.99397612 6.99390221 6.99380732 6.9936862 6.99353075 6.99333143 6.9930768 6.99275064 6.99233341 6.99180079 6.99112034 6.99025345 6.98915052 6.98774958 6.98597574 6.98373699 6.98092365 6.97740555 6.97303391 6.96764135 6.96104717 6.9530654 6.94351292 6.9322238 6.91906118 6.90393114 6.88678646 6.86763477 6.84653234 6.82357931 6.79890966 6.77268076 6.74506569 6.71624327 6.68639374 6.65569687 6.62432718 6.59245443 6.56024313 6.52785206 6.49543238 6.46312666 6.43106413 6.39936066 6.36811304 6.33739758 6.307271 6.27776623 6.24889803 6.22066402 6.19304705 6.16602039 6.13954926 6.11359358 6.08811188 6.06306076 6.03839779 6.01408148 5.99007034 5.96632576 5.94280863 5.91947985 5.89629936 5.87322426 5.85020781 5.83198929 5.81854057 5.80988264 5.80120802 5.79251194 5.78379011 5.77503633 5.76624537 5.75741148 5.74852657 5.73958445 5.73057604 5.72149324 5.71232653 5.70306492 5.69369793 5.68421268 5.67459631 5.66483498 5.65491295 5.64481401 5.63452101 5.62401485 5.613276 5.60228395 5.59101629 5.57945061 5.56756258 5.55532837 5.54272223 5.52971888 5.51629305 5.50241804 5.48806953 5.47322083 5.45784855 5.44192743 5.42543459 5.40834522 5.39063454 5.37227678 5.35324144 5.33349228 5.31298208 5.29164982 5.26941156 5.24615288 5.22171974 5.1959095 5.16847849 5.13919115 5.1079855 5.07535696 5.04287291 5.01294565 4.98742723 4.96681118 4.95071602 4.93849754 4.929533 4.92331314 4.9194355 4.91764879 4.91762114 4.91973877 4.92209148 4.93169737 4.9226346 4.99233294 4.77846527 5.63478041 3.18986273 5.87267447 4.66464996 5.08013391
6.99261999 6.99261522 6.99260664 6.99258995 6.99257326 6.99255228 6.99252558 6.99249077 6.99244642 6.99238968 6.9923172 6.99222374 6.99210405 6.99195099 6.99175453 6.99150324 6.99118137 6.99077034 6.99024487 6.98957396 6.98871851 6.98763037 6.98624849 6.98449802 6.98228884 6.97951126 6.97603703 6.97171783 6.96638775 6.959867 6.95196867 6.94250965 6.93132257 6.91826868 6.90325022 6.88621855 6.86717653 6.84617853 6.8233223 6.79874039 6.77258873 6.74504042 6.71627474 6.68647242 6.65581369 6.62447357 6.59262323 6.56042767 6.52804661 6.49563169 6.46332645 6.43126059 6.39955091 6.36829424 6.33756876 6.30743027 6.27791309 6.2490325 6.22078609 6.19315767 6.16611958 6.13963795 6.11367273 6.08818245 6.06312323 6.0384531 6.01413012 5.99011326 5.96636391 5.94284201 5.91950941 5.89632511 5.87324715 5.85022783 5.83200741 5.81855774 5.80989885 5.80122328 5.79252672 5.78380394 5.77504969 5.76625824 5.7574234 5.74853802 5.73959541 5.73058653 5.72150326 5.71233606 5.70307398 5.69370651 5.68422079 5.67460442 5.66484261 5.6549201 5.64482069 5.63452721 5.62402105 5.6132822 5.60228968 5.59102154 5.57945538 5.56756735 5.55533266 5.54272652 5.52972317 5.51629686 5.50242186 5.48807287 5.47322416 5.45785141 5.44193077 5.42543745 5.40834761 5.3906374 5.37227917 5.35324383 5.33349419 5.31298399 5.29165125 5.26941299 5.24615431 5.22172117 5.19591045 5.16847944 5.1391921 5.10798645 5.07535744 5.04287338 5.01294613 4.98742819 4.96681213 4.95071745 4.93849802 4.92953491 4.9233098 4.91945267 4.91758919 4.91784668 4.91890192 4.92521954 4.92002726 4.96618938 4.82978678 5.38498974 3.37123227 8.58348179 5.06598425 4.73438168 5.05712891
6.99060345 6.99059916 6.99059057 6.99057388 6.99055767 6.99053717 6.99051046 6.99047661 6.99043322 6.99037743 6.9903059 6.99021387 6.99009657 6.98994589 6.98975325 6.98950624 6.9891901 6.98878574 6.98826933 6.98761034 6.98676968 6.98569965 6.98434114 6.98261976 6.98044634 6.97771311 6.97429323 6.97003984 6.96478796 6.95835829 6.95056438 6.94122219 6.93016291 6.91724539 6.90236855 6.88547945 6.86657763 6.84571314 6.82298136 6.79851198 6.77246094 6.74499941 6.71630764 6.68656683 6.6559577 6.62465668 6.5928359 6.56066132 6.52829361 6.49588585 6.46358109 6.43151188 6.3997941 6.36852646 6.33778763 6.30763435 6.27810144 6.24920511 6.22094297 6.19329929 6.16624689 6.13975191 6.1137743 6.08827257 6.06320333 6.03852415 6.01419258 5.99016857 5.96641254 5.94288492 5.91954708 5.89635849 5.87327671 5.85025358 5.83203077 5.8185792 5.80991936 5.80124283 5.79254532 5.78382158 5.77506685 5.76627445 5.75743914 5.7485528 5.73960924 5.73060036 5.72151613 5.71234846 5.7030859 5.69371748 5.68423128 5.67461443 5.66485214 5.65492916 5.64482975 5.63453579 5.62402916 5.61328936 5.60229683 5.59102869 5.57946205 5.56757355 5.55533886 5.54273224 5.52972841 5.51630211 5.50242662 5.48807716 5.47322845 5.4578557 5.44193459 5.42544079 5.40835094 5.39064026 5.37228203 5.35324669 5.33349657 5.31298637 5.29165363 5.2694149 5.24615622 5.2217226 5.19591188 5.1684804 5.13919306 5.1079874 5.07535839 5.04287434 5.01294756 4.98742914 4.96681309 4.9507184 4.93849993 4.92953396 4.92331982 4.91942072 4.91771317 4.91739178 4.92060328 4.91887331 4.94371557 4.87778854 5.15970802 4.15374041 7.96631861 2.63685274 5.43497181 4.96628952 5.14297915
6.98805141 6.98804712 6.98803902 6.98802233 6.98800659 6.98798656 6.98796082 6.98792744 6.987885 6.98783016 6.98776054 6.9876709 6.98755598 6.98740864 6.98721981 6.98697805 6.98666906 6.98627377 6.98576832 6.98512316 6.98430061 6.98325348 6.98192358 6.98023796 6.97810888 6.97543097 6.97207832 6.96790552 6.96274996 6.9564333 6.94876909 6.93957281 6.92867374 6.91592693 6.90122795 6.8845191 6.86579466 6.84510088 6.82252789 6.79820395 6.77228212 6.74493361 6.71633816 6.68667746 6.65613365 6.62488461 6.59310293 6.56095648 6.52860689 6.49620819 6.46390533 6.43183136 6.40010405 6.36882305 6.33806753 6.30789518 6.27834272 6.24942589 6.22114372 6.19348049 6.16640997 6.13989782 6.11390448 6.08838797 6.06330585 6.03861475 6.01427269 5.99023962 5.96647501 5.94293976 5.91959524 5.89640093 5.8733139 5.85028648 5.83206081 5.81860733 5.80994606 5.8012681 5.79256964 5.78384447 5.77508879 5.76629543 5.75745869 5.74857187 5.73962736 5.73061752 5.72153282 5.71236372 5.70310068 5.69373178 5.68424511 5.6746273 5.66486454 5.65494108 5.64484072 5.63454628 5.62403917 5.61329937 5.60230589 5.59103727 5.57947016 5.56758165 5.55534601 5.54273939 5.52973509 5.51630831 5.50243282 5.48808289 5.47323418 5.45786095 5.44193935 5.42544556 5.40835524 5.39064455 5.37228584 5.35325003 5.33349991 5.31298923 5.29165649 5.26941776 5.2461586 5.22172499 5.19591379 5.1684823 5.13919449 5.10798836 5.07535934 5.04287529 5.01294851 4.98743057 4.96681452 4.95071983 4.93850136 4.92953682 4.92331648 4.91943979 4.91764879 4.91763067 4.9197216 4.92217064 4.93141699 4.92369127 4.98840332 4.79305553 5.58034849 7.87362432 5.26521635 4.72514534 4.82258654
6.98483229 6.984828 6.98482037 6.98480415 6.98478889 6.98476934 6.98474407 6.98471165 6.98467064 6.98461723 6.98454905 6.98446226 6.9843502 6.98420715 6.98402357 6.98378849 6.98348761 6.98310328 6.98261118 6.98198366 6.98118305 6.98016357 6.97886848 6.97722673 6.97515249 6.97254181 6.96927118 6.96519852 6.96016169 6.95398426 6.94648027 6.93746519 6.92676497 6.91423178 6.89975595 6.8832736 6.86477327 6.8442955 6.82192564 6.79778767 6.77203274 6.74483061 6.71636009 6.68680477 6.6563468 6.62516594 6.59343624 6.56132698 6.52900219 6.49661684 6.4643178 6.43223858 6.40049934 6.36920118 6.33842468 6.30822849 6.27865076 6.24970818 6.22140026 6.19371271 6.16661882 6.14008474 6.11407089 6.08853626 6.06343746 6.0387311 6.01437569 5.99033022 5.96655464 5.94301033 5.91965723 5.89645576 5.87336206 5.85032892 5.83209896 5.81864262 5.80997992 5.80130053 5.79260015 5.78387403 5.77511644 5.76632214 5.75748444 5.74859619 5.73965073 5.73063946 5.7215538 5.71238422 5.70311975 5.6937499 5.68426228 5.67464399 5.66488028 5.65495586 5.64485502 5.63456011 5.62405205 5.61331177 5.60231781 5.59104872 5.57948112 5.56759167 5.55535603 5.54274845 5.52974415 5.51631641 5.50244045 5.48809052 5.47324085 5.45786715 5.44194555 5.42545128 5.40836096 5.39064932 5.37229061 5.35325432 5.3335042 5.31299305 5.29165983 5.2694211 5.24616146 5.22172737 5.19591618 5.16848421 5.1391964 5.10798979 5.07536077 5.04287672 5.01295042 4.98743248 4.9668169 4.95072174 4.93850374 4.9295373 4.92332315 4.91942406 4.91771746 4.91741085 4.92054129 4.91912031 4.94280767 4.88119745 5.14699602 4.20118856 7.78930712 3.09836602 7.0296936 3.72464108 6.01831436
6.98078775 6.98078346 6.98077583 6.98076057 6.98074579 6.98072672 6.9807024 6.98067093 6.98063135 6.98057985 6.98051405 6.98042965 6.98032188 6.9801836 6.98000622 6.97977924 6.97948885 6.97911692 6.97864199 6.97803497 6.97726107 6.97627544 6.97502279 6.97343445 6.97142649 6.96889734 6.96572733 6.96177626 6.95688438 6.95087814 6.94357157 6.93477917 6.92432499 6.91205692 6.8978591 6.88166046 6.86344242 6.84323788 6.82112598 6.79722548 6.77168465 6.74467134 6.71636391 6.68694592 6.65660095 6.62551022 6.59384966 6.56179094 6.52949953 6.49713326 6.46483994 6.43275595 6.40100241 6.36968327 6.33888054 6.30865431 6.27904463 6.25006914 6.22172928 6.19400978 6.16688585 6.14032364 6.11428452 6.08872604 6.06360579 6.03888035 6.01450729 5.99044657 5.96665716 5.94310045 5.91973686 5.89652586 5.87342405 5.85038328 5.83214808 5.81868839 5.81002331 5.80134201 5.79263973 5.78391171 5.77515268 5.76635647 5.75751686 5.74862766 5.73968029 5.73066807 5.72158098 5.71240997 5.70314455 5.69377375 5.68428469 5.67466545 5.6649003 5.65497541 5.64487362 5.63457775 5.62406874 5.6133275 5.60233307 5.59106302 5.57949495 5.56760454 5.55536842 5.54276037 5.52975512 5.5163269 5.50245047 5.48810005 5.47324991 5.45787573 5.44195318 5.42545891 5.40836763 5.39065599 5.37229681 5.35326052 5.33350945 5.31299829 5.2916646 5.26942539 5.24616528 5.22173071 5.19591904 5.16848707 5.1391983 5.1079917 5.07536268 5.04287863 5.01295233 4.98743486 4.96681929 4.9507246 4.93850565 4.92954159 4.92331886 4.91945124 4.9176259 4.9177351 4.91935015 4.92357349 4.92619753 4.94318724 4.915658 5.06456089 4.56709099 4.91682196 8.35356236 3.04510856 4.8225894
6.97572994 6.97572565 6.9757185 6.97570372 6.97568941 6.97567129 6.97564793 6.97561836 6.97557974 6.97553062 6.97546768 6.9753871 6.97528362 6.97515106 6.97498131 6.97476387 6.9744854 6.9741292 6.97367382 6.97309256 6.9723506 6.97140551 6.97020388 6.96867895 6.9667511 6.96432066 6.96127176 6.95746756 6.95275211 6.9469533 6.93988705 6.9313674 6.92121553 6.90927458 6.8954215 6.87957668 6.8617115 6.84185028 6.82006454 6.79646683 6.77120018 6.74443007 6.71633339 6.68709469 6.65689802 6.62592602 6.59435797 6.56236744 6.53012228 6.49778223 6.46549892 6.43341064 6.40164137 6.37029648 6.33946085 6.30919743 6.27954769 6.25053072 6.22214937 6.19438982 6.16722822 6.14063025 6.11455774 6.08896923 6.06382132 6.03907108 6.01467657 5.99059582 5.96678877 5.94321632 5.91983891 5.89661551 5.87350273 5.8504529 5.83221102 5.81874704 5.8100791 5.80139542 5.79269075 5.78396034 5.77519894 5.76640034 5.75755882 5.74866772 5.73971844 5.73070431 5.72161531 5.71244287 5.70317602 5.69380379 5.6843133 5.67469263 5.66492653 5.65500021 5.64489746 5.63460016 5.62409019 5.61334801 5.60235214 5.59108162 5.5795126 5.56762123 5.55538416 5.54277515 5.52976942 5.51634073 5.50246334 5.48811197 5.47326136 5.4578867 5.44196367 5.42546844 5.40837669 5.39066458 5.37230492 5.35326767 5.3335166 5.31300449 5.2916708 5.26943064 5.24617052 5.22173548 5.19592333 5.16848993 5.13920164 5.10799456 5.07536507 5.04288101 5.01295519 4.98743773 4.96682262 4.95072794 4.93850899 4.92954493 4.92332268 4.91945314 4.91763353 4.91772842 4.91938639 4.92345285 4.92666054 4.94147301 4.92206669 5.04065371 4.65634394 3.85529709 7.27132893 3.72598743 5.14298534
6.96944189 6.96943808 6.96943092 6.9694171 6.96940374 6.96938658 6.96936417 6.96933603 6.96929979 6.96925306 6.96919346 6.96911716 6.96901894 6.96889305 6.96873236 6.96852589 6.9682622 6.96792459 6.96749258 6.96694088 6.96623659 6.96533966 6.96419811 6.96274996 6.96091604 6.95860386 6.95569897 6.95207071 6.94756603 6.94201708 6.93524075 6.92705154 6.9172678 6.90572739 6.89229774 6.87689018 6.85946465 6.84003353 6.81865835 6.79544353 6.77052641 6.74406767 6.71624374 6.68723774 6.65723562 6.62642145 6.5949769 6.5630784 6.53089666 6.49859524 6.46632767 6.434237 6.40244961 6.3710742 6.34019852 6.30988884 6.28018856 6.25111961 6.22268581 6.19487572 6.16766548 6.14102221 6.11490774 6.08928061 6.06409788 6.03931618 6.01489258 5.99078655 5.96695757 5.9433651 5.91997004 5.8967309 5.8736043 5.85054207 5.83229208 5.81882191 5.8101511 5.8014636 5.7927556 5.78402233 5.77525806 5.76645708 5.75761271 5.74871874 5.73976755 5.73075104 5.72166014 5.71248531 5.70321655 5.69384193 5.68435049 5.67472744 5.66495991 5.65503216 5.6449275 5.63462925 5.62411785 5.61337423 5.60237741 5.59110498 5.57953501 5.56764269 5.55540466 5.5427947 5.52978754 5.5163579 5.50248003 5.48812771 5.47327614 5.45790052 5.44197655 5.42548084 5.40838861 5.39067554 5.37231493 5.35327721 5.33352518 5.31301308 5.29167843 5.26943779 5.24617672 5.2217412 5.1959281 5.1684947 5.13920498 5.10799742 5.07536793 5.04288435 5.01295853 4.98744154 4.96682644 4.95073223 4.93851376 4.92954779 4.92333126 4.91943979 4.91770172 4.91748857 4.9202981 4.92006588 4.9393158 4.89425755 5.09829187 4.38298702 7.11079693 7.81594419 2.13714647 6.6172595 5.05713844
6.96167898 6.96167517 6.96166897 6.96165562 6.96164322 6.96162701 6.9616065 6.9615798 6.96154594 6.96150255 6.96144629 6.96137476 6.96128321 6.96116543 6.96101475 6.96082163 6.96057463 6.96025801 6.95985365 6.95933676 6.95867682 6.9578352 6.9567647 6.95540476 6.95368242 6.95150757 6.94877291 6.94535112 6.94109583 6.93584251 6.92941236 6.92161846 6.91227818 6.90122175 6.888309 6.87343788 6.85655499 6.83765888 6.81679821 6.79406595 6.76959181 6.7435317 6.71605825 6.68735409 6.65760565 6.62699938 6.59571934 6.56394529 6.53185177 6.49960566 6.46736479 6.43527555 6.40346909 6.37205791 6.34113407 6.31076717 6.28100395 6.25186968 6.22337055 6.19549608 6.16822433 6.14152336 6.11535549 6.08967924 6.06445169 6.03962946 6.0151701 5.99103165 5.9671731 5.94355536 5.92013741 5.89687872 5.87373447 5.85065651 5.83239555 5.81891823 5.81024265 5.80155134 5.79283905 5.78410196 5.77533388 5.76652908 5.75768185 5.74878454 5.73983002 5.73081064 5.72171688 5.71253967 5.70326805 5.69389153 5.68439722 5.67477274 5.66500282 5.65507269 5.6449666 5.63466597 5.62415314 5.61340809 5.60240936 5.5911355 5.57956409 5.56767035 5.55543041 5.5428195 5.52981138 5.51638031 5.50250101 5.48814774 5.47329521 5.45791817 5.44199371 5.42549658 5.4084034 5.39068937 5.37232828 5.3532896 5.33353662 5.31302357 5.29168797 5.26944637 5.24618483 5.22174835 5.19593477 5.16850042 5.13920975 5.10800171 5.07537174 5.04288816 5.01296282 4.98744678 4.96683168 4.95073748 4.938519 4.92955446 4.92333126 4.91946363 4.91763783 4.91775179 4.91933775 4.92367125 4.92588091 4.94441557 4.91111708 5.08155012 4.50374365 3.89121294 8.24741364 3.13161731 5.08014488
6.95217419 6.95217085 6.95216513 6.95215273 6.95214128 6.9521265 6.95210743 6.95208311 6.95205164 6.95201159 6.95196009 6.95189381 6.95180941 6.95170069 6.95156145 6.95138359 6.95115566 6.95086336 6.95049 6.95001268 6.94940329 6.94862604 6.94763613 6.94637775 6.94478273 6.94276619 6.94022703 6.9370451 6.93307924 6.92817116 6.92214584 6.91481876 6.90600443 6.89552784 6.88323736 6.8690176 6.85279942 6.83456278 6.81434107 6.79221344 6.76829863 6.74274492 6.71572018 6.68740606 6.65798855 6.62765598 6.59659529 6.56499004 6.53301811 6.50085163 6.46865273 6.43657303 6.40474844 6.37329721 6.34231615 6.31188011 6.28203964 6.25282383 6.22424269 6.19628716 6.16893768 6.14216375 6.1159277 6.09018898 6.06490421 6.04003048 6.01552486 5.99134493 5.96744967 5.94379902 5.92035246 5.89706755 5.87390089 5.85080338 5.83252859 5.81904173 5.81036043 5.8016634 5.79294634 5.78420401 5.77543116 5.76662207 5.75777006 5.74886894 5.7399106 5.73088741 5.72179031 5.71260929 5.70333481 5.69395494 5.68445778 5.67482996 5.66505766 5.65512514 5.64501619 5.63471365 5.62419844 5.613451 5.60245037 5.5911746 5.57960081 5.56770563 5.55546427 5.54285097 5.52984142 5.51640892 5.50252819 5.48817348 5.47331905 5.45794106 5.44201517 5.42551661 5.40842247 5.39070749 5.37234497 5.35330534 5.33355141 5.31303692 5.29170036 5.26945782 5.24619532 5.22175789 5.19594288 5.16850758 5.13921595 5.10800695 5.07537651 5.04289341 5.01296854 4.98745298 4.96683884 4.95074463 4.93852615 4.92956114 4.92333937 4.91946507 4.91766167 4.91769123 4.91959286 4.92274618 4.92935944 4.93145847 4.95949697 4.90101624 5.17752647 4.77321243 4.44917154 5.42267942 5.07398558
6.94064856 6.94064569 6.94064045 6.94062948 6.94061899 6.94060516 6.940588 6.94056606 6.94053745 6.94050121 6.94045448 6.9403944 6.94031811 6.9402194 6.94009352 6.93993187 6.9397254 6.93946075 6.93912172 6.93868876 6.93813562 6.9374299 6.93653011 6.9353857 6.93393326 6.93209505 6.92977715 6.92686605 6.92322922 6.91871595 6.91315651 6.90636921 6.89816856 6.88837337 6.87682199 6.86338329 6.8479681 6.83053732 6.81110334 6.78972769 6.76651382 6.74160051 6.71514845 6.68733549 6.65834761 6.62837458 6.59760571 6.56622839 6.53442478 6.50237274 6.47023964 6.43818283 6.40634489 6.37485075 6.34380388 6.31328487 6.28335047 6.25403452 6.22535086 6.19729424 6.16984749 6.14298058 6.11665821 6.09083986 6.06548309 6.04054356 6.01597881 5.99174643 5.96780396 5.94411135 5.92062759 5.89731026 5.87411451 5.85099125 5.83269882 5.81920004 5.81051111 5.8018074 5.79308319 5.78433466 5.77555561 5.7667408 5.75788355 5.74897718 5.7400136 5.73098564 5.72188377 5.71269894 5.70342016 5.69403648 5.6845355 5.67490387 5.66512823 5.65519238 5.64508057 5.63477468 5.62425661 5.61350632 5.60250282 5.59122467 5.57964849 5.56775093 5.55550718 5.54289198 5.52988005 5.51644564 5.502563 5.48820591 5.47335052 5.45797062 5.44204283 5.42554283 5.40844679 5.39073038 5.37236643 5.35332537 5.33357 5.31305456 5.29171658 5.2694726 5.24620867 5.22176981 5.19595337 5.16851664 5.13922405 5.10801363 5.07538271 5.04289961 5.01297617 4.98746109 4.96684742 4.95075369 4.93853521 4.9295702 4.923347 4.91947746 4.91765499 4.91775465 4.91939068 4.92353392 4.92645168 4.94234228 4.9189086 5.05252361 4.61212206 6.95148563 4.07313347 5.479424 5.07564259
6.92682648 6.92682362 6.92681885 6.92680931 6.92679977 6.92678785 6.92677259 6.92675304 6.92672777 6.92669535 6.92665386 6.92660093 6.92653275 6.92644548 6.92633343 6.9261899 6.92600632 6.92577124 6.92546988 6.92508507 6.92459297 6.9239645 6.92316294 6.92214298 6.92084646 6.91920376 6.91712809 6.91451597 6.91124439 6.90717077 6.90213394 6.89595795 6.88845778 6.87944889 6.86875868 6.85624027 6.84178305 6.82532358 6.80684948 6.78639984 6.76405859 6.73994875 6.71422291 6.68705225 6.65862036 6.62911701 6.59873486 6.56766462 6.53609371 6.50420523 6.47217274 6.44016171 6.40832233 6.37678671 6.34566641 6.31505108 6.28500414 6.25556612 6.22675562 6.19857359 6.1710043 6.14402151 6.11759043 6.09167147 6.06622219 6.04119968 6.0165596 5.9922595 5.96825743 5.94451141 5.92097998 5.89762068 5.87438774 5.85123205 5.83291674 5.81940269 5.81070471 5.80199146 5.79325914 5.78450203 5.77571535 5.76689339 5.75802898 5.74911547 5.74014616 5.73111153 5.72200394 5.71281338 5.70352936 5.69414043 5.68463469 5.67499876 5.66521835 5.65527868 5.64516258 5.63485289 5.624331 5.61357689 5.60257053 5.59128904 5.57970953 5.5678091 5.55556202 5.54294443 5.52992964 5.51649284 5.50260735 5.48824835 5.4733901 5.45800829 5.44207811 5.42557621 5.40847826 5.39075994 5.37239408 5.35335112 5.33359432 5.3130765 5.29173708 5.26949167 5.24622583 5.22178507 5.1959672 5.16852856 5.13923407 5.10802221 5.07539034 5.04290771 5.01298523 4.98747158 4.96685886 4.95076513 4.93854666 4.92958212 4.92335749 4.91949129 4.91765308 4.91780996 4.91923189 4.92417097 4.92411709 4.95109606 4.88627768 5.17434072 4.15753031 4.97899866 4.29384756 5.50227404 5.07520723
6.9104538 6.91045189 6.9104476 6.91043901 6.91043091 6.91042042 6.91040754 6.91039038 6.91036844 6.91034031 6.91030455 6.91025829 6.91019917 6.91012335 6.91002607 6.90990162 6.90974236 6.90953779 6.90927649 6.90894175 6.90851402 6.90796709 6.90726948 6.90638065 6.9052496 6.90381432 6.90199709 6.89970493 6.89682579 6.89322901 6.88876295 6.88325977 6.87653875 6.8684144 6.85870504 6.84724855 6.8339119 6.81860399 6.80128336 6.78196001 6.7606926 6.73758459 6.71277285 6.68641901 6.6587019 6.62981129 6.59993982 6.56928205 6.5380311 6.50637531 6.47449684 6.44256735 6.41074705 6.37917805 6.34798241 6.31725788 6.28707933 6.25749493 6.22853088 6.20019388 6.17247295 6.14534426 6.1187768 6.092731 6.06716585 6.04203749 6.01730204 5.99291611 5.96883726 5.94502306 5.92143106 5.89801836 5.87473822 5.85154057 5.83319616 5.81966257 5.81095219 5.8022275 5.79348421 5.78471708 5.77592039 5.76708841 5.75821495 5.74929333 5.74031544 5.73127317 5.72215796 5.71296024 5.70366955 5.69427395 5.684762 5.67512035 5.66533422 5.65538883 5.64526749 5.63495302 5.62442636 5.61366796 5.60265684 5.59137106 5.57978773 5.56788349 5.55563307 5.54301119 5.52999353 5.51655293 5.50266457 5.48830223 5.47344112 5.45805645 5.44212389 5.42561913 5.40851879 5.39079762 5.37242937 5.35338402 5.33362484 5.31310511 5.29176331 5.26951599 5.24624777 5.22180462 5.19598436 5.16854334 5.13924694 5.10803318 5.07540083 5.04291868 5.01299763 4.98748541 4.96687317 4.95077991 4.93856192 4.92959404 4.9233799 4.91947365 4.91778374 4.91738367 4.92088223 4.91806889 4.94694424 4.86595488 5.20407963 3.98833561 8.58380795 3.06814647 8.86878681 2.81331539 5.07533455
6.89132357 6.89132166 6.89131784 6.89131117 6.89130402 6.89129543 6.89128399 6.89126968 6.89125109 6.89122725 6.8911972 6.8911581 6.89110804 6.89104366 6.89096165 6.89085627 6.89072132 6.89054823 6.89032698 6.89004326 6.88968086 6.88921738 6.88862514 6.88786983 6.88690805 6.88568497 6.88413382 6.88217306 6.87970209 6.87660408 6.87274075 6.86795473 6.86207438 6.85491562 6.84629297 6.83603001 6.82397318 6.81000185 6.79404068 6.77606583 6.75610352 6.73422861 6.71055651 6.68523407 6.65843153 6.63033342 6.60113335 6.57102823 6.54021549 6.5088892 6.47724009 6.4454484 6.41368484 6.38210249 6.3508358 6.3199954 6.28966761 6.25991154 6.23076391 6.20223856 6.17433071 6.14702225 6.12028408 6.09407949 6.06836748 6.0431056 6.01824903 5.99375439 5.96957827 5.94567728 5.92200851 5.89852715 5.87518644 5.85193586 5.83355379 5.81999493 5.81126928 5.80253029 5.7937727 5.78499222 5.77618265 5.76733875 5.75845385 5.74952078 5.7405324 5.73148012 5.72235584 5.71314859 5.70384884 5.69444513 5.68492556 5.6752758 5.66548252 5.65553045 5.64540243 5.63508129 5.62454891 5.61378431 5.60276794 5.59147644 5.57988834 5.56797886 5.55572367 5.5430975 5.53007507 5.51663017 5.50273752 5.48837185 5.47350693 5.45811844 5.44218206 5.42567396 5.40857029 5.39084625 5.37247515 5.35342646 5.33366442 5.31314182 5.29179716 5.26954699 5.2462759 5.22182989 5.19600677 5.16856289 5.13926315 5.10804749 5.0754137 5.04293203 5.01301289 4.98750257 4.96689177 4.95079899 4.93858004 4.92961597 4.92338705 4.9195323 4.91764688 4.91797304 4.91875792 4.92607069 4.91715145 4.97721052 4.78893185 5.53775024 2.80137348 7.97180986 1.76064157 6.83432388 5.07531404
6.86929369 6.86929226 6.8692894 6.86928368 6.86927795 6.8692708 6.86926126 6.86924934 6.86923409 6.86921453 6.86918974 6.86915779 6.86911631 6.86906385 6.86899614 6.86890936 6.86879826 6.86865568 6.86847353 6.86823988 6.8679409 6.86755848 6.86706972 6.86644554 6.8656497 6.86463642 6.86334896 6.86171722 6.8596549 6.85705996 6.85380888 6.84976006 6.84475279 6.83861208 6.83115244 6.82218933 6.81155109 6.79908895 6.78469276 6.76829815 6.74989128 6.72951126 6.70724249 6.68320894 6.65756512 6.63048697 6.60216427 6.57279348 6.54257631 6.5117135 6.48040152 6.44883251 6.41718626 6.38563061 6.35431242 6.32335854 6.29286957 6.26291943 6.23355675 6.20480633 6.17667246 6.14914322 6.12219381 6.09579086 6.06989574 6.04446554 6.01945639 5.99482393 5.97052431 5.94651318 5.92274618 5.89917755 5.87576008 5.85244131 5.83401203 5.82042074 5.81167555 5.80291748 5.79414225 5.7853446 5.77651882 5.76765919 5.7587595 5.7498126 5.74081039 5.73174572 5.72260857 5.71338987 5.70407915 5.69466496 5.68513489 5.6754756 5.66567278 5.65571165 5.64557505 5.6352458 5.62470531 5.61393356 5.60291004 5.59161186 5.58001661 5.56810093 5.55583954 5.54320765 5.5301795 5.51672935 5.50283146 5.48846054 5.47359085 5.45819759 5.44225693 5.42574453 5.40863657 5.39090824 5.37253332 5.35348082 5.33371496 5.31318903 5.29184055 5.26958656 5.24631214 5.22186279 5.19603539 5.16858768 5.13928461 5.10806561 5.07543039 5.04294968 5.01303291 4.98752451 4.96691513 4.95082331 4.93860531 4.92963743 4.92342043 4.91951799 4.91780663 4.91747904 4.9206996 4.9189167 4.94393921 4.87732315 5.16179752 4.14627552 7.99450493 2.60262465 9.12458038 2.69210291 5.07533932
6.8443079 6.84430647 6.84430408 6.84429979 6.84429502 6.8442893 6.84428215 6.84427261 6.84426022 6.84424448 6.84422445 6.84419918 6.84416628 6.84412384 6.84406996 6.84400082 6.84391165 6.84379768 6.84365177 6.84346485 6.84322596 6.84291935 6.84252787 6.84202719 6.84138823 6.84057283 6.83953571 6.83821774 6.83654737 6.83443785 6.83178329 6.82846022 6.82432413 6.81921291 6.81294918 6.80534792 6.79622555 6.78541088 6.77275944 6.75816536 6.74156904 6.72296333 6.70239162 6.67994547 6.65575218 6.62997198 6.60278463 6.57438374 6.54497099 6.51475143 6.48392963 6.45270586 6.42127275 6.38981104 6.35848522 6.32743835 6.29678869 6.26662874 6.23702288 6.20801067 6.17960739 6.15181112 6.12460375 6.09795666 6.07183313 6.04619312 6.02099228 5.99618626 5.97173071 5.94757938 5.92368793 5.90000916 5.87649345 5.8530879 5.83459806 5.82096577 5.8121953 5.80341339 5.79461527 5.78579569 5.77694893 5.76806974 5.75915098 5.75018597 5.74116659 5.73208523 5.72293282 5.71369886 5.70437384 5.69494581 5.68540287 5.67573118 5.66591644 5.65594387 5.64579678 5.63545704 5.62490654 5.61412525 5.60309219 5.59178543 5.5801816 5.56825781 5.55598831 5.54334879 5.53031349 5.51685667 5.5029521 5.4885745 5.47369814 5.45829916 5.44235277 5.42583466 5.40872145 5.39098787 5.37260771 5.35355091 5.33377981 5.31324911 5.29189634 5.26963758 5.24635839 5.22190428 5.19607258 5.16861963 5.13931179 5.10808897 5.07545185 5.04297209 5.01305819 4.98755312 4.96694565 4.95085478 4.9386363 4.9296689 4.92344761 4.91955757 4.91779518 4.91765213 4.92017746 4.92098522 4.93633413 4.90581465 5.05557251 4.54281521 6.51469564 6.84137964 3.27040076 5.98753977 5.07534742
6.81640291 6.81640196 6.81640005 6.81639624 6.8163929 6.81638813 6.81638241 6.81637526 6.81636572 6.8163538 6.81633806 6.81631851 6.81629276 6.81626034 6.81621838 6.81616449 6.81609535 6.81600714 6.81589413 6.81574869 6.8155632 6.81532526 6.81502056 6.81463099 6.81413317 6.81349754 6.81268692 6.81165552 6.81034422 6.80868292 6.80658388 6.80394316 6.80063581 6.7965188 6.79143 6.78519201 6.77762032 6.76852942 6.75774956 6.74513435 6.73057747 6.71401882 6.69545078 6.67491722 6.65250874 6.62835646 6.6026206 6.57548475 6.54714584 6.51780987 6.48768663 6.45698452 6.42590761 6.39465141 6.36339664 6.33230591 6.30151939 6.27115011 6.24128294 6.21197557 6.18326092 6.15514851 6.12763071 6.1006856 6.07428169 6.04838085 6.02294111 5.99791765 5.97326565 5.94893837 5.92488909 5.90107012 5.87742996 5.85391426 5.83534718 5.8216629 5.81286001 5.80404758 5.7952199 5.78637266 5.77749968 5.76859474 5.75965214 5.75066376 5.74162245 5.7325201 5.72334766 5.71409464 5.70475149 5.69530582 5.68574619 5.67605829 5.66622877 5.65624142 5.64608002 5.63572741 5.62516403 5.61437035 5.60332537 5.59200716 5.58039284 5.56845856 5.55617905 5.54352999 5.53048563 5.51701975 5.50310659 5.48872042 5.47383642 5.45842934 5.44247532 5.42595053 5.40883017 5.39108992 5.37270355 5.35364008 5.33386326 5.31332636 5.29196787 5.26970291 5.246418 5.22195768 5.19611931 5.16866064 5.1393466 5.10811901 5.07547951 5.0430007 5.01309061 4.98758936 4.96698475 4.95089483 4.93867636 4.92970943 4.92348242 4.91960764 4.91778326 4.91786432 4.9195466 4.92349386 4.9271183 4.94035006 4.9268198 5.02345562 4.72104788 4.65897083 4.78403234 5.22362089 5.07540417
6.7857089 6.78570843 6.785707 6.78570414 6.78570175 6.78569841 6.78569412 6.7856884 6.78568125 6.78567219 6.78566074 6.78564548 6.78562641 6.78560162 6.78557014 6.78552961 6.78547812 6.78541136 6.785326 6.78521681 6.7850771 6.7848978 6.78466797 6.78437424 6.78399801 6.78351736 6.78290415 6.78212118 6.78112459 6.77985764 6.77825165 6.77622128 6.77366495 6.77046108 6.76646852 6.76152802 6.7554636 6.74809027 6.739223 6.72868729 6.71633387 6.70204926 6.68576717 6.66747379 6.64720678 6.62505293 6.60113955 6.57562733 6.54870033 6.52055836 6.49141216 6.46147537 6.43096209 6.40007973 6.36902761 6.33798838 6.30712509 6.27657509 6.24644899 6.21682835 6.18776608 6.15929031 6.13140726 6.10410547 6.07736111 6.05114126 6.02540636 6.00011253 5.97521496 5.95066643 5.92641878 5.90242243 5.87862444 5.85496855 5.83630371 5.82255268 5.81370926 5.80485773 5.79599333 5.78711033 5.77820349 5.76926661 5.76029301 5.75127506 5.7422061 5.73307657 5.72387838 5.71460104 5.70523453 5.69576693 5.68618584 5.67647743 5.66662836 5.65662241 5.64644337 5.63607359 5.62549353 5.61468458 5.60362434 5.59229183 5.58066368 5.56871557 5.55642366 5.54376221 5.53070593 5.51722813 5.503304 5.48890781 5.47401333 5.45859671 5.44263315 5.42609882 5.4089694 5.39122105 5.3728261 5.35375452 5.33397007 5.31342554 5.29205894 5.26978683 5.24649429 5.22202587 5.19617987 5.16871309 5.13939142 5.10815763 5.07551479 5.04303789 5.01313257 4.98763657 4.96703482 4.95094633 4.93872786 4.92975998 4.92353153 4.91965723 4.91782141 4.91793728 4.91947985 4.92393923 4.9256444 4.94603109 4.90578985 5.102108 4.42767286 4.45886183 7.71126509 3.42029834 5.07531643
6.75244141 6.75244093 6.75243998 6.75243807 6.75243568 6.7524333 6.75243044 6.75242615 6.7524209 6.75241423 6.75240612 6.75239515 6.75238085 6.7523632 6.75233984 6.75231028 6.75227261 6.75222397 6.7521615 6.75208187 6.75197935 6.75184822 6.75168037 6.75146484 6.75118971 6.75083685 6.75038624 6.7498107 6.74907637 6.74814034 6.74695063 6.74544048 6.74353027 6.74112177 6.73809958 6.73432684 6.72964811 6.72389174 6.71687412 6.70840788 6.69831467 6.68643713 6.67265177 6.65687943 6.63909292 6.61931849 6.59763336 6.57415724 6.54904747 6.52248669 6.49467659 6.46583033 6.43616629 6.40590429 6.37525749 6.34442854 6.31360483 6.28295135 6.25260639 6.22268009 6.19325304 6.16437674 6.1360774 6.10835981 6.08121061 6.05460596 6.02851009 6.00288391 5.97768211 5.95285749 5.92836142 5.9041419 5.88014555 5.85631275 5.83752394 5.82368851 5.81479359 5.80589247 5.79698086 5.78805256 5.7791028 5.77012444 5.76111174 5.7520566 5.74295187 5.73378849 5.7245574 5.71524906 5.70585251 5.6963563 5.68674803 5.67701387 5.66714001 5.65711021 5.64690828 5.63651657 5.625916 5.61508656 5.60400724 5.59265614 5.58101034 5.56904554 5.55673695 5.54405975 5.53098774 5.51749563 5.50355768 5.48914719 5.47423983 5.45881081 5.44283485 5.42628908 5.40914822 5.39138889 5.37298346 5.35390186 5.33410692 5.31355238 5.29217625 5.2698946 5.24659204 5.22211361 5.19625759 5.16878033 5.13944864 5.10820675 5.07556009 5.0430851 5.01318645 4.98769617 4.96709919 4.95101213 4.93879461 4.9298234 4.92360115 4.91969395 4.91797161 4.91765213 4.92080832 4.91923332 4.9434495 4.87981272 5.15314388 4.17918396 7.87228012 5.6607542 3.94573116 5.66354465 5.07579851
6.7168808 6.71688032 6.71687984 6.71687841 6.71687698 6.71687508 6.71687317 6.71687031 6.71686649 6.71686172 6.71685553 6.7168479 6.71683788 6.71682501 6.7168088 6.71678782 6.71676064 6.7167263 6.71668196 6.71662521 6.71655273 6.71645927 6.71633959 6.71618652 6.71599054 6.71573925 6.71541786 6.71500635 6.71448135 6.71381044 6.71295547 6.71186733 6.71048546 6.70873499 6.70652485 6.70374584 6.70026875 6.69594574 6.69060946 6.68407869 6.67616749 6.66669083 6.65548277 6.64240408 6.62735939 6.61030293 6.59124184 6.57023764 6.54739809 6.52287149 6.49683714 6.46949482 6.44106054 6.41175747 6.38180971 6.35143757 6.32084942 6.2902379 6.25977325 6.22959805 6.19982481 6.17053652 6.1417861 6.11359978 6.08598328 6.0589242 6.03239679 6.00636625 5.98079157 5.95562649 5.93082142 5.90632391 5.88207817 5.85802317 5.83907747 5.82513571 5.81617498 5.8072114 5.79823971 5.78925467 5.78025007 5.77121973 5.76215696 5.75305462 5.74390411 5.73469734 5.72542477 5.71607685 5.70664263 5.69711018 5.6874671 5.67770004 5.66779423 5.65773439 5.64750338 5.63708353 5.62645626 5.61560106 5.60449743 5.59312296 5.58145428 5.56946754 5.55713797 5.54444027 5.53134918 5.51783848 5.50388193 5.48945475 5.4745307 5.45908499 5.44309378 5.42653275 5.40937757 5.39160395 5.37318468 5.35408974 5.3342824 5.31371546 5.29232645 5.27003241 5.24671698 5.22222614 5.19635677 5.16886616 5.13952208 5.10826969 5.07561827 5.04314566 5.01325512 4.98777342 4.96718121 4.95109701 4.93887854 4.92990923 4.92367268 4.91980791 4.91791344 4.91822147 4.91902161 4.92622566 4.91766262 4.97634697 4.79315662 5.52294922 2.85754561 7.52498007 3.49718952 5.79170465 5.07420063
6.67935467 6.67935419 6.67935371 6.67935276 6.67935181 6.67935085 6.67934942 6.67934704 6.67934465 6.67934132 6.67933702 6.67933178 6.6793251 6.67931604 6.6793046 6.67929029 6.6792717 6.67924786 6.67921686 6.67917776 6.67912722 6.67906284 6.67897987 6.67887354 6.67873764 6.67856312 6.67833996 6.67805386 6.6776886 6.67722082 6.67662382 6.67586231 6.67489195 6.67365837 6.67209339 6.67011404 6.66762018 6.66449165 6.66058922 6.65575361 6.64980984 6.64257193 6.63385248 6.62347412 6.61128283 6.59716129 6.58103991 6.56290197 6.54278564 6.52078104 6.49702168 6.47167826 6.44494772 6.41704512 6.38819695 6.35863256 6.32857895 6.29825258 6.26785374 6.2375598 6.20752096 6.17785597 6.14865303 6.11996889 6.09183407 6.06425619 6.03722429 6.01071358 5.98468971 5.95910931 5.93392467 5.90908289 5.88452673 5.86019373 5.8410511 5.82697535 5.81793213 5.80888987 5.79984283 5.79078531 5.78171206 5.77261591 5.76348972 5.75432682 5.74511909 5.73585701 5.72653198 5.717134 5.70765114 5.69807291 5.68838596 5.67857647 5.6686306 5.65853167 5.64826393 5.6378088 5.6271472 5.61625957 5.60512447 5.59371948 5.58202219 5.57000732 5.55765104 5.54492807 5.53181171 5.51827717 5.50429773 5.48984814 5.47490263 5.45943642 5.44342518 5.4268446 5.40967131 5.39187956 5.37344313 5.35433102 5.33450699 5.31392384 5.29251909 5.27020884 5.24687767 5.22237015 5.19648409 5.16897678 5.13961649 5.10835075 5.07569265 5.04322386 5.01334333 4.98787212 4.96728706 4.95120573 4.93898773 4.93001413 4.92378521 4.91987658 4.91812849 4.91787291 4.92075729 4.92016315 4.94068623 4.89080334 5.1127758 4.33046627 7.30829191 6.18072891 4.18105984 5.47420597 5.08042049
6.6402154 6.6402154 6.64021492 6.64021397 6.64021349 6.64021254 6.64021158 6.64021015 6.64020872 6.64020634 6.64020348 6.64020014 6.64019537 6.64018917 6.64018154 6.640172 6.64015913 6.64014292 6.64012241 6.64009571 6.64006138 6.64001751 6.63996172 6.63988972 6.63979721 6.63967896 6.6395278 6.63933372 6.63908529 6.63876724 6.63836098 6.63784122 6.63717794 6.63633204 6.63525534 6.63388777 6.63215446 6.62996578 6.62721252 6.62376595 6.61947823 6.61418152 6.60769463 6.59982967 6.59040022 6.57923794 6.56620216 6.55119562 6.53417158 6.51513958 6.49416399 6.47135782 6.44687748 6.42091084 6.39367008 6.36538267 6.33628273 6.30660343 6.27657032 6.24639368 6.21626091 6.18633223 6.15673685 6.12757063 6.09889841 6.07075644 6.0431571 6.01609278 5.98953962 5.96346235 5.93781853 5.91255569 5.88761711 5.86293936 5.84355116 5.82930803 5.82016182 5.81102085 5.80187893 5.79273081 5.78357077 5.77439117 5.76518583 5.75594711 5.74666643 5.73733473 5.72794294 5.71848106 5.70893764 5.69930077 5.68955803 5.67969513 5.66969776 5.65955019 5.64923525 5.63873482 5.6280303 5.61710072 5.60592604 5.5944829 5.58274794 5.57069826 5.55830765 5.5455513 5.53240395 5.51883841 5.50482988 5.49035168 5.47537851 5.45988607 5.44384909 5.42724419 5.41004705 5.39223242 5.37377357 5.35464048 5.334795 5.31419134 5.29276609 5.27043486 5.24708319 5.22255468 5.19664717 5.16911793 5.13973713 5.10845423 5.07578802 5.04332399 5.01345682 4.98799896 4.96742249 4.95134497 4.93912697 4.93015337 4.92391062 4.92003584 4.91813946 4.91841364 4.91929722 4.92614651 4.91886616 4.97272539 4.80750751 5.47019386 3.05520678 7.41739798 3.41221189 5.85760069 5.05753708
6.59982252 6.59982252 6.59982252 6.59982204 6.59982157 6.59982109 6.59982014 6.59981918 6.59981823 6.5998168 6.59981489 6.59981251 6.59980917 6.59980536 6.59980011 6.59979391 6.59978533 6.59977484 6.59976101 6.59974337 6.59972048 6.59969139 6.5996542 6.59960651 6.599545 6.5994668 6.59936619 6.59923697 6.5990715 6.59886026 6.59858894 6.59824228 6.59779882 6.59723234 6.59650946 6.59558821 6.59441662 6.59292889 6.59104538 6.58866978 6.58568621 6.58195829 6.57733011 6.57162905 6.56466866 6.55626011 6.54622078 6.5343895 6.52064085 6.50489378 6.48712301 6.46736002 6.44569063 6.42224932 6.39720869 6.37077379 6.34316874 6.31463003 6.28539753 6.25570583 6.22577572 6.19580841 6.16597652 6.13642168 6.10725307 6.07854557 6.05034399 6.02266741 5.99551249 5.96885777 5.94266891 5.91690063 5.89149809 5.86639738 5.84670687 5.83225632 5.82298183 5.81371737 5.80445766 5.79519653 5.78592777 5.77664423 5.76733923 5.75800467 5.74863243 5.73921347 5.72973824 5.72019577 5.7105751 5.70086479 5.69105148 5.68112087 5.67105865 5.66084862 5.65047407 5.63991642 5.62915707 5.61817503 5.60694933 5.59545708 5.58367586 5.57158041 5.55914688 5.54634857 5.53316069 5.51955652 5.50550985 5.49099541 5.47598791 5.46046162 5.4443922 5.42775583 5.41052818 5.39268446 5.37419701 5.35503578 5.33516407 5.31453323 5.29308176 5.27072477 5.2473464 5.22279072 5.19685602 5.16929865 5.13989162 5.10858727 5.07591057 5.04345226 5.01360226 4.98816156 4.96759605 4.95152378 4.93930626 4.93032742 4.92408943 4.92017269 4.91840553 4.91816664 4.92093325 4.92072487 4.93975687 4.89538574 5.09674406 4.39132643 7.0821538 6.09372711 4.28544283 5.40144348 5.14336157
6.55852938 6.55852938 6.55852938 6.5585289 6.5585289 6.55852842 6.55852795 6.55852747 6.55852652 6.55852556 6.55852461 6.5585227 6.55852079 6.55851841 6.55851507 6.55851078 6.55850506 6.55849838 6.55848932 6.5584774 6.55846262 6.55844402 6.5584197 6.55838823 6.55834818 6.55829716 6.55823135 6.55814695 6.55803871 6.55790043 6.55772257 6.55749559 6.55720472 6.55683231 6.55635691 6.55574894 6.5549736 6.55398607 6.55273056 6.55113745 6.54912281 6.54658365 6.54339886 6.53942585 6.53450298 6.5284524 6.52108526 6.5122118 6.50165367 6.48925877 6.47491169 6.45854902 6.44016266 6.41980314 6.3975749 6.37362909 6.34815502 6.32137012 6.29350996 6.26481724 6.23553562 6.20589733 6.1761179 6.14638567 6.11685801 6.08765936 6.05887842 6.03057194 6.00276709 5.97546673 5.9486537 5.92229319 5.89633799 5.87072754 5.85066843 5.83596373 5.82653189 5.81711626 5.80771065 5.79830933 5.7889061 5.77949381 5.77006483 5.76061106 5.75112486 5.74159622 5.73201561 5.72237253 5.71265554 5.70285225 5.69295025 5.68293476 5.67279053 5.66250229 5.65205193 5.64142227 5.6305933 5.61954451 5.60825443 5.59670067 5.58485937 5.57270718 5.56021786 5.54736662 5.53412724 5.52047348 5.50637913 5.4918189 5.47676659 5.46119738 5.44508648 5.42841005 5.41114378 5.39326239 5.37473869 5.35554266 5.33563566 5.31497145 5.2934866 5.27109575 5.24768353 5.22309351 5.19712305 5.16953087 5.14008904 5.1087575 5.07606745 5.04361725 5.01378918 4.98837042 4.96781921 4.95175314 4.93953514 4.93055487 4.92430305 4.92040825 4.91852093 4.91869116 4.91989136 4.9254899 4.92281008 4.95943594 4.85847664 5.28129482 3.76146483 7.87296438 3.08167839 6.08351994 4.8236022
6.51667213 6.51667213 6.51667213 6.51667166 6.51667166 6.51667118 6.51667118 6.5166707 6.51667023 6.51666975 6.5166688 6.51666784 6.51666641 6.51666498 6.5166626 6.51665974 6.5166564 6.51665163 6.51664591 6.51663876 6.51662922 6.51661682 6.51660109 6.51658106 6.51655531 6.51652193 6.51647949 6.51642513 6.51635551 6.51626635 6.51615143 6.51600456 6.51581669 6.51557589 6.51526737 6.51487303 6.51436901 6.51372528 6.51290417 6.51185846 6.51052952 6.50884485 6.50671577 6.50403452 6.5006752 6.49649 6.4913125 6.48496103 6.47724438 6.46797371 6.45697451 6.44410133 6.42925119 6.41237354 6.39347553 6.37262487 6.34994125 6.32559156 6.29977894 6.2727313 6.24469328 6.2159133 6.18663502 6.15708828 6.12747908 6.09798288 6.0687418 6.03986216 6.01141405 5.98343658 5.95594025 5.92891169 5.902318 5.87610769 5.85560894 5.84059811 5.83097601 5.82137632 5.81179333 5.8022213 5.79265308 5.78308153 5.77349997 5.76389933 5.75427151 5.74460745 5.73489618 5.7251277 5.71529055 5.70537138 5.69535828 5.68523598 5.67498922 5.66460228 5.6540575 5.64333677 5.63242006 5.62128687 5.60991573 5.59828424 5.58636761 5.57414293 5.56158352 5.54866505 5.53536034 5.52164412 5.5074892 5.49287033 5.47776127 5.46213722 5.44597387 5.42924643 5.41193104 5.39400148 5.37543201 5.3561902 5.33623934 5.31553173 5.29400396 5.27157021 5.24811459 5.22348022 5.19746494 5.16982698 5.14034224 5.10897493 5.07626915 5.04382849 5.01402903 4.9886384 4.96810532 4.95204687 4.93982935 4.93084383 4.92458582 4.92067528 4.91880178 4.91886997 4.92039871 4.92472124 4.92675591 4.94574022 4.9105792 5.08779764 4.48452616 4.361269 5.50389433 4.57245636 6.01765394
6.47456408 6.47456408 6.4745636 6.4745636 6.4745636 6.4745636 6.47456312 6.47456312 6.47456264 6.47456217 6.47456169 6.47456121 6.47456026 6.47455931 6.47455788 6.47455597 6.47455406 6.4745512 6.47454739 6.47454262 6.47453642 6.47452879 6.47451878 6.4745059 6.47448921 6.47446823 6.47444105 6.47440624 6.4743619 6.47430468 6.47423124 6.47413731 6.47401714 6.47386265 6.47366524 6.47341251 6.47308874 6.47267437 6.47214556 6.47146988 6.47060823 6.46951151 6.46811819 6.46635294 6.46412277 6.46131659 6.4578042 6.45343304 6.44803238 6.44141817 6.43339729 6.42378187 6.4124012 6.39911699 6.38383484 6.36651659 6.34718466 6.32591963 6.30285645 6.27817488 6.25208998 6.22484016 6.19667625 6.16785049 6.13860559 6.10916471 6.07972431 6.05044651 6.02145576 5.99284077 5.96465302 5.93691397 5.90961456 5.88272238 5.86171198 5.84634161 5.83649492 5.82667685 5.81688166 5.80710411 5.79733706 5.78757381 5.77780628 5.76802683 5.75822639 5.74839544 5.73852396 5.72860098 5.71861506 5.70855284 5.69840145 5.68814659 5.67777252 5.66726255 5.65659952 5.64576483 5.63473845 5.62349987 5.61202669 5.60029697 5.58828592 5.57596922 5.56332207 5.55031824 5.53693151 5.52313566 5.50890398 5.49421072 5.47903013 5.46333694 5.44710636 5.43031454 5.41293573 5.3949461 5.37631702 5.35701799 5.33701134 5.31624794 5.29466534 5.27217674 5.24866581 5.22397518 5.19790173 5.17020559 5.14066553 5.10925436 5.07652712 5.04410028 5.01433706 4.9889822 4.96847248 4.95242405 4.94020748 4.93121338 4.92495394 4.92099762 4.91923428 4.91882896 4.92205954 4.91996384 4.94588995 4.87565374 5.17341375 4.10810804 8.14196491 4.58346748 5.23208952 5.01418209 4.82406807
6.43249178 6.43249178 6.43249178 6.43249178 6.43249178 6.43249178 6.4324913 6.4324913 6.4324913 6.43249083 6.43249035 6.43248987 6.4324894 6.43248892 6.43248796 6.43248701 6.43248558 6.43248367 6.43248129 6.43247843 6.43247461 6.43246937 6.43246317 6.43245506 6.43244457 6.43243122 6.43241405 6.43239164 6.43236351 6.43232727 6.43228054 6.43222094 6.43214464 6.43204641 6.43192101 6.43176031 6.43155384 6.43129015 6.43095255 6.43052053 6.42996836 6.42926407 6.42836571 6.42722273 6.42577076 6.4239316 6.42160988 6.41869116 6.41503954 6.41050005 6.40489864 6.39804745 6.38975334 6.37982941 6.3681078 6.35445642 6.33879042 6.32108355 6.30136871 6.27974129 6.25634813 6.23138237 6.20506859 6.17765379 6.14939451 6.12054348 6.09134102 6.06200266 6.03271151 6.00361395 5.97481823 5.94639158 5.91836596 5.89073896 5.86915874 5.85338068 5.84327602 5.83320618 5.82316494 5.81314659 5.80314589 5.79315472 5.78316641 5.77317286 5.76316452 5.75313282 5.74306679 5.73295641 5.72278881 5.71255159 5.70223141 5.69181299 5.68128157 5.67061996 5.65981054 5.64883423 5.63767147 5.62630129 5.61470127 5.60284853 5.59071875 5.57828808 5.5655303 5.55241919 5.53892899 5.525033 5.51070452 5.4959178 5.48064661 5.46486568 5.44855022 5.43167591 5.41421795 5.39615107 5.37744713 5.35807514 5.33799648 5.31716299 5.29551029 5.2729516 5.2493701 5.22460699 5.19845963 5.17068911 5.14107895 5.1096096 5.07685852 5.04444933 5.01473284 4.98942375 4.96894312 4.95290804 4.94069099 4.93169165 4.92540884 4.92147636 4.91954756 4.91967535 4.92083311 4.92639208 4.92366982 4.96027565 4.85922623 5.28223705 3.7615459 4.31847715 5.64352083 4.70268011 5.14395761
6.39071369 6.39071369 6.39071369 6.39071369 6.39071369 6.39071369 6.39071369 6.39071369 6.39071321 6.39071321 6.39071321 6.39071274 6.39071226 6.39071178 6.39071131 6.39071083 6.39070988 6.39070845 6.39070702 6.39070511 6.39070272 6.39069986 6.39069557 6.39069033 6.39068413 6.39067554 6.39066458 6.39065075 6.39063263 6.39060974 6.39058018 6.39054251 6.39049435 6.39043236 6.39035273 6.39025068 6.39012003 6.38995314 6.38973856 6.38946438 6.38911295 6.38866425 6.38809061 6.38735819 6.38642502 6.38523769 6.38372993 6.38182116 6.37941265 6.37638617 6.37260294 6.36790419 6.362113 6.35503817 6.34648705 6.33627272 6.32423115 6.31023741 6.29421425 6.27614546 6.25607729 6.2341156 6.21042109 6.1851964 6.15867662 6.13111544 6.10277176 6.07389879 6.04472923 6.01546812 5.98628473 5.95730639 5.92861938 5.90026712 5.87809134 5.86187506 5.85149002 5.8411417 5.83082533 5.82053661 5.81026936 5.80001688 5.78977346 5.77952957 5.76927853 5.75900936 5.74871302 5.73837852 5.72799349 5.71754599 5.70702124 5.69640541 5.6856823 5.67483568 5.66384697 5.65269709 5.64136648 5.6298337 5.6180768 5.60607195 5.5937953 5.58122206 5.568326 5.55508137 5.54146194 5.52744055 5.51299047 5.49808598 5.48270082 5.46680975 5.45038748 5.43340921 5.41585064 5.397686 5.37888718 5.35942221 5.33925295 5.31832981 5.29658842 5.27394056 5.25026798 5.22541285 5.19917107 5.17130613 5.14160585 5.11006641 5.07728291 5.04489851 5.01524162 4.98999071 4.96954775 4.9535284 4.94131231 4.93230104 4.92600822 4.9220295 4.92017555 4.91991806 4.9224062 4.92289209 4.93900108 4.90523291 5.06673479 4.50981331 6.64630127 8.08646011 2.31916833 6.48487854 5.05975771
6.34945583 6.34945583 6.34945583 6.34945583 6.34945583 6.34945583 6.34945583 6.34945583 6.34945583 6.34945536 6.34945536 6.34945536 6.34945488 6.34945488 6.3494544 6.34945393 6.34945345 6.3494525 6.34945154 6.34945059 6.34944916 6.34944725 6.34944439 6.34944105 6.34943724 6.34943151 6.34942484 6.34941626 6.34940481 6.34939003 6.34937191 6.34934807 6.34931707 6.34927797 6.34922791 6.34916353 6.34908104 6.34897518 6.34883928 6.34866571 6.34844303 6.34815836 6.34779358 6.34732723 6.34673214 6.34597206 6.3450036 6.34377146 6.34220791 6.34022903 6.33773279 6.33459854 6.33068371 6.32582569 6.31984425 6.31254721 6.30374002 6.29323816 6.28088093 6.26654911 6.250175 6.2317524 6.21133852 6.1890521 6.16506386 6.13958836 6.11286688 6.0851593 6.05672407 6.0278101 5.99864101 5.96940708 5.94025755 5.91129589 5.88856268 5.87191486 5.86124754 5.85061312 5.84000874 5.82943153 5.81887627 5.80833817 5.79781103 5.78728819 5.77676105 5.766222 5.75566053 5.74506617 5.73442745 5.72373199 5.71296644 5.70211554 5.69116402 5.6800952 5.66889048 5.65753078 5.64599657 5.63426638 5.62231731 5.61012602 5.59766865 5.58491945 5.57185316 5.55844355 5.54466295 5.53048563 5.51588488 5.50083351 5.48530579 5.46927595 5.45271969 5.43561125 5.41792631 5.39963818 5.38071918 5.36113739 5.34085274 5.31981611 5.29796124 5.27519941 5.25141191 5.226439 5.20007706 5.17209101 5.14227724 5.11064816 5.07782793 5.04547596 5.01589632 4.99071884 4.97032356 4.95432425 4.94210815 4.93308496 4.9267664 4.92277813 4.92083311 4.92077923 4.92236948 4.92607117 4.93004751 4.94143581 4.93430042 5.00664043 4.79452085 3.00080371 8.72819901 2.90952325 5.07894087
6.30890894 6.30890894 6.30890894 6.30890894 6.30890894 6.30890894 6.30890894 6.30890894 6.30890894 6.30890894 6.30890846 6.30890846 6.30890846 6.30890799 6.30890799 6.30890751 6.30890751 6.30890703 6.30890608 6.3089056 6.30890465 6.30890322 6.30890179 6.30889988 6.30889702 6.30889368 6.30888939 6.30888367 6.30887651 6.30886745 6.30885553 6.30884075 6.3088212 6.30879641 6.30876493 6.30872393 6.30867195 6.30860472 6.30851889 6.30840921 6.30826807 6.30808735 6.30785608 6.30755997 6.30718088 6.30669689 6.30607796 6.30528831 6.30428267 6.30300331 6.30138063 6.2993269 6.29673862 6.29349041 6.28943634 6.28441095 6.27823019 6.27069998 6.26162577 6.25082397 6.23813868 6.22345734 6.20672083 6.18793344 6.1671648 6.14454412 6.12025404 6.09451675 6.06758022 6.03970528 6.01114798 5.98214817 5.95291376 5.92361355 5.90046263 5.88345385 5.87253904 5.86164379 5.85076809 5.83991098 5.82906961 5.81824064 5.80741978 5.79660177 5.78577995 5.77494669 5.7640934 5.75321054 5.74228668 5.73131037 5.72026825 5.7091465 5.69792938 5.68660021 5.67514133 5.66353369 5.65175676 5.63979006 5.62761021 5.61519432 5.6025176 5.58955526 5.57628107 5.5626688 5.54869175 5.53432226 5.51953459 5.50430155 5.48859692 5.47239542 5.45567179 5.43840075 5.42055702 5.40211439 5.38304472 5.36331511 5.34288502 5.32170439 5.29970598 5.27680016 5.25286627 5.22774315 5.20122814 5.17308903 5.14313126 5.11139011 5.07852602 5.04621887 5.01673841 4.99165487 4.9713192 4.95534563 4.94312906 4.93408918 4.92774248 4.92372322 4.9217329 4.92167807 4.92308903 4.9272871 4.92924309 4.94801331 4.91318464 5.08875084 4.49129868 8.08431816 2.32430005 6.47683954 5.08932304
6.26922274 6.26922274 6.26922274 6.26922274 6.26922274 6.26922274 6.26922274 6.26922274 6.26922274 6.26922274 6.26922226 6.26922226 6.26922226 6.26922226 6.26922226 6.26922178 6.26922178 6.26922131 6.26922083 6.26922035 6.26921988 6.26921892 6.26921797 6.26921701 6.26921511 6.2692132 6.26921034 6.26920652 6.26920223 6.26919651 6.26918888 6.26917934 6.26916695 6.26915169 6.26913118 6.26910543 6.26907253 6.26903009 6.26897573 6.26890564 6.26881647 6.26870155 6.26855469 6.26836634 6.26812553 6.26781702 6.2674222 6.26691771 6.2662735 6.26545143 6.2644043 6.26307297 6.26138449 6.25924921 6.25655937 6.25318575 6.24897957 6.24377012 6.23737192 6.22958803 6.22022343 6.20909739 6.19605827 6.18100071 6.1638751 6.14469767 6.12354851 6.10056877 6.07595015 6.04992104 6.02273321 5.99464369 5.96589994 5.93672562 5.91343355 5.89622688 5.88515472 5.87407541 5.86299229 5.85190773 5.84082127 5.82973242 5.81863976 5.80754042 5.79642868 5.78530025 5.77414751 5.76296282 5.75173616 5.74045706 5.7291131 5.71769142 5.70617723 5.69455481 5.68280602 5.67091322 5.65885544 5.64661312 5.63416243 5.62148142 5.60854483 5.59532738 5.58180428 5.56794786 5.55373192 5.53912973 5.52411413 5.50865889 5.49273729 5.47632408 5.4593935 5.44192076 5.4238801 5.40524578 5.38598728 5.36607218 5.34545994 5.32409811 5.30191851 5.27883005 5.25470972 5.22939634 5.20268679 5.17435265 5.14421415 5.11233568 5.079422 5.04717684 5.0178237 4.99285841 4.9725976 4.95665598 4.94443846 4.93537664 4.92899275 4.92493725 4.92287493 4.9228549 4.92392635 4.92916107 4.92703581 4.96083498 4.86973429 5.25514603 3.87439537 6.59457445 4.12275743 5.49509192 5.03235102
6.23049831 6.23049831 6.23049831 6.23049784 6.23049784 6.23049784 6.23049784 6.23049784 6.23049784 6.23049784 6.23049784 6.23049784 6.23049784 6.23049784 6.23049784 6.23049736 6.23049736 6.23049736 6.23049688 6.23049688 6.23049641 6.23049593 6.23049498 6.2304945 6.23049307 6.23049212 6.23049021 6.23048782 6.23048496 6.23048115 6.23047686 6.23047066 6.23046255 6.23045301 6.23044014 6.23042345 6.23040247 6.23037577 6.23034096 6.23029661 6.23023939 6.23016644 6.23007298 6.22995329 6.22979975 6.22960281 6.22935104 6.22902822 6.22861576 6.22808838 6.22741508 6.2265563 6.22546244 6.22407198 6.22230959 6.22008228 6.217278 6.21376371 6.20938635 6.20397139 6.19732952 6.18926239 6.17957544 6.16808939 6.15465975 6.13918734 6.12163401 6.10202599 6.08045578 6.05707359 6.03207874 6.00570297 5.97819424 5.94980097 5.92680359 5.90967321 5.89860392 5.88748503 5.8763237 5.8651247 5.85389233 5.84262896 5.8313365 5.820014 5.80866098 5.79727411 5.78584909 5.77437973 5.76285982 5.75127983 5.73963022 5.72789812 5.71607113 5.70413446 5.69207144 5.67986441 5.66749525 5.65494251 5.64218521 5.62919998 5.61596298 5.60244989 5.58863449 5.57449055 5.55999231 5.54511213 5.5298233 5.51410007 5.49791622 5.48124552 5.46406269 5.44634295 5.42806053 5.40918779 5.38969612 5.3695507 5.34871006 5.32712126 5.30471373 5.28139448 5.25703907 5.23148441 5.20452785 5.1759491 5.14558411 5.11353827 5.08057165 5.04841328 5.01922321 4.99440718 4.97423983 4.95833635 4.94611788 4.93702459 4.93060589 4.92645502 4.92448378 4.92388725 4.92675781 4.92500877 4.94866753 4.88598251 5.15472841 4.19696665 7.82883167 3.07693863 6.26980925 4.3935833 5.2546525
6.1927762 6.1927762 6.1927762 6.1927762 6.1927762 6.1927762 6.1927762 6.1927762 6.1927762 6.1927762 6.1927762 6.1927762 6.1927762 6.1927762 6.1927762 6.1927762 6.1927762 6.19277573 6.19277573 6.19277573 6.19277525 6.19277477 6.19277477 6.19277382 6.19277334 6.19277239 6.19277143 6.19277 6.1927681 6.19276571 6.19276285 6.19275904 6.19275379 6.19274759 6.19273949 6.192729 6.19271564 6.192698 6.19267607 6.19264793 6.19261122 6.19256496 6.19250488 6.19242859 6.19233036 6.19220448 6.19204283 6.19183636 6.19157171 6.19123316 6.19080019 6.19024706 6.18954039 6.18863964 6.18749237 6.18603516 6.18418884 6.18185616 6.1789217 6.17524767 6.17067575 6.1650281 6.15811157 6.14972591 6.13967657 6.12778807 6.11392069 6.09798479 6.07995176 6.05985928 6.03780937 6.01395941 5.98851109 5.96169329 5.93956566 5.92289639 5.91206408 5.90112448 5.8900876 5.87896156 5.86775398 5.85647011 5.84511614 5.83369446 5.82220697 5.81065512 5.79903746 5.78735113 5.77559233 5.76375484 5.75183105 5.73981142 5.72768545 5.71544027 5.7030611 5.69053221 5.67783642 5.66495419 5.65186548 5.63854742 5.62497807 5.6111331 5.59698725 5.58251524 5.56769085 5.55248785 5.53688002 5.52084112 5.50434542 5.48736715 5.46988201 5.45186377 5.43328619 5.41412449 5.39434624 5.3739171 5.35279369 5.33092213 5.30822945 5.28462076 5.25996876 5.2341094 5.20684242 5.17795563 5.14731169 5.11506605 5.08204842 5.05001116 5.02103043 4.99640083 4.97634888 4.96049309 4.94827032 4.93914127 4.93265772 4.92846107 4.92632008 4.92594147 4.92768908 4.92974854 4.93884611 4.93017387 4.99703884 4.79243898 5.61323786 8.14303017 2.88985896 6.2873807 4.42856932
6.15602541 6.15602541 6.15602541 6.15602541 6.15602541 6.15602541 6.15602541 6.15602541 6.15602541 6.15602541 6.15602541 6.15602541 6.15602541 6.15602541 6.15602541 6.15602541 6.15602541 6.15602541 6.15602493 6.15602493 6.15602493 6.15602446 6.15602446 6.15602398 6.1560235 6.15602303 6.15602207 6.1560216 6.15602016 6.15601873 6.15601683 6.15601444 6.1560111 6.15600681 6.15600157 6.15599489 6.15598631 6.15597534 6.15596104 6.15594292 6.15591955 6.15588999 6.15585136 6.15580225 6.15573931 6.15565872 6.15555525 6.15542221 6.15525246 6.15503454 6.15475559 6.15439892 6.15394258 6.15335941 6.15261507 6.15166616 6.15045881 6.1489253 6.14698315 6.14453125 6.14144897 6.13759422 6.13280296 6.12689257 6.1196661 6.11092186 6.1004653 6.08812428 6.07376528 6.05730629 6.03872919 6.01807976 5.99546576 5.97104692 5.95044136 5.93469906 5.92439413 5.91391516 5.90327263 5.89247704 5.88153791 5.87046289 5.85926056 5.84793711 5.83649731 5.82494545 5.81328392 5.8015132 5.7896328 5.77763987 5.76553059 5.75329781 5.7409339 5.72842979 5.71577263 5.70294952 5.68994522 5.67674255 5.66332293 5.64966583 5.63575077 5.62155437 5.6070528 5.59222221 5.57703781 5.56147337 5.54550362 5.52910423 5.51224852 5.4949131 5.47707176 5.45870018 5.43977499 5.42026186 5.4001379 5.37936258 5.35789299 5.33567238 5.31262636 5.28865576 5.26363277 5.237391 5.20973444 5.18046474 5.14948034 5.11700344 5.08394909 5.05208254 5.02336836 4.99896955 4.97905922 4.9632597 4.95102978 4.94185209 4.93529177 4.93101025 4.92875004 4.92836285 4.92965078 4.93296099 4.93693924 4.94695091 4.94370222 5.00042725 4.84565735 4.01552105 5.86336946 4.02534199 7.51848745
6.12012339 6.12012339 6.12012339 6.12012339 6.12012339 6.12012339 6.12012339 6.12012339 6.12012339 6.12012339 6.12012339 6.12012339 6.12012339 6.12012339 6.12012339 6.12012339 6.12012339 6.12012339 6.12012339 6.12012339 6.12012291 6.12012291 6.12012291 6.12012243 6.12012243 6.12012196 6.12012148 6.120121 6.12012005 6.12011909 6.12011814 6.12011623 6.12011433 6.12011147 6.12010813 6.12010384 6.12009859 6.12009144 6.12008238 6.12007046 6.12005568 6.12003613 6.12001181 6.11997986 6.11993933 6.11988735 6.11982059 6.11973524 6.11962557 6.11948538 6.11930561 6.1190753 6.11878014 6.11840296 6.1179204 6.11730385 6.11651707 6.11551476 6.11423922 6.11261988 6.11056995 6.10798454 6.1047368 6.1006794 6.09564257 6.08943892 6.08186579 6.07272148 6.06180906 6.04896069 6.0340476 6.016994 5.99778748 5.97647858 5.95802879 5.94369411 5.9342289 5.92452288 5.91458511 5.90442514 5.89405298 5.88347721 5.87270689 5.86174917 5.85061169 5.83930063 5.8278203 5.81617451 5.80436563 5.79239368 5.78025866 5.76795673 5.75548315 5.74283218 5.7299943 5.71695948 5.7037158 5.69024849 5.67654181 5.66257858 5.64833879 5.63380241 5.61894798 5.60375309 5.58819389 5.57224703 5.55588818 5.53909397 5.52183962 5.50410175 5.48585558 5.46708012 5.44773722 5.42782497 5.40728664 5.38609791 5.36420918 5.34156322 5.31808186 5.29366446 5.26817894 5.24146128 5.21332026 5.18358088 5.15219021 5.11946011 5.08640003 5.05477428 5.02639818 5.00228262 4.98254299 4.9668088 4.95456696 4.94532442 4.9386673 4.93426991 4.93188477 4.93136263 4.93254995 4.93563557 4.93987846 4.9483633 4.95031881 4.98718596 4.90615845 5.67740202 4.35672903 5.58241224 4.43093491
6.08484125 6.08484125 6.08484125 6.08484125 6.08484125 6.08484125 6.08484125 6.08484125 6.08484125 6.08484125 6.08484125 6.08484125 6.08484125 6.08484125 6.08484125 6.08484125 6.08484125 6.08484125 6.08484125 6.08484125 6.08484125 6.08484125 6.08484077 6.08484077 6.08484077 6.0848403 6.0848403 6.08483982 6.08483934 6.08483839 6.08483791 6.08483696 6.08483553 6.08483362 6.08483171 6.08482885 6.08482504 6.08482075 6.08481503 6.0848074 6.08479738 6.08478498 6.08476925 6.08474874 6.08472252 6.08468914 6.08464622 6.08459091 6.08452034 6.08442974 6.08431387 6.08416462 6.08397436 6.08372974 6.08341742 6.08301735 6.08250618 6.08185291 6.0810194 6.07995796 6.07860756 6.07689428 6.07472658 6.07199383 6.06856441 6.06428385 6.0589776 6.0524497 6.04449606 6.03490782 6.02348995 6.01007271 5.9945302 5.97678852 5.96099138 5.94848156 5.94013929 5.93150187 5.92257404 5.91336298 5.90387535 5.89411736 5.88409662 5.87381935 5.86329317 5.8525238 5.84151697 5.83027649 5.81880713 5.80711079 5.7951889 5.783041 5.77066469 5.75805664 5.7452116 5.73212147 5.71877813 5.70516968 5.69128323 5.67710495 5.66261768 5.64780426 5.63264608 5.61712265 5.60121298 5.58489609 5.56815004 5.55095243 5.5332818 5.51511431 5.49643135 5.47719622 5.4574337 5.43701601 5.41601229 5.39433479 5.37194967 5.3487916 5.32478237 5.29981756 5.27376318 5.24645805 5.21772432 5.18741941 5.1555624 5.12257624 5.08957434 5.05828428 5.03033304 5.00655985 4.98702192 4.97136164 4.95909882 4.9497714 4.9429903 4.93843985 4.93591213 4.93516064 4.93642473 4.93846083 4.94588614 4.94180775 4.99002171 4.85369349 5.41856623 3.27190971 6.88710594 4.00626469 5.26827478
6.05712271 6.05712271 6.05712271 6.05712271 6.05712271 6.05712271 6.05712271 6.05712271 6.05712271 6.05712271 6.05712271 6.05712271 6.05712271 6.05712271 6.05712271 6.05712271 6.05712271 6.05712271 6.05712271 6.05712271 6.05712271 6.05712271 6.05712271 6.05712223 6.05712223 6.05712223 6.05712175 6.05712175 6.05712128 6.0571208 6.05712032 6.05711937 6.05711842 6.05711746 6.05711603 6.05711365 6.05711126 6.05710793 6.05710363 6.05709839 6.05709124 6.05708265 6.05707121 6.05705643 6.05703783 6.05701351 6.05698252 6.05694294 6.05689192 6.05682707 6.05674362 6.05663633 6.056499 6.05632353 6.05609846 6.05580997 6.05544138 6.05496979 6.05436707 6.05359793 6.05261755 6.05137014 6.04978657 6.04778194 6.04525185 6.04207277 6.03809834 6.03316116 6.02707291 6.01963139 6.01062727 5.99985647 5.9871335 5.97230625 5.95881653 5.94796753 5.9406743 5.9330616 5.92513037 5.91688251 5.90831995 5.89944696 5.89026594 5.88078165 5.87099791 5.86091852 5.85054779 5.83988905 5.82894516 5.81771803 5.80620956 5.79441929 5.78234673 5.76998854 5.75734091 5.74439859 5.73115349 5.71759701 5.70371866 5.68950558 5.67494392 5.66001844 5.64471292 5.62900925 5.61288834 5.59633207 5.57931995 5.56183195 5.54384851 5.52534819 5.50631046 5.48671389 5.46653032 5.44574165 5.4243083 5.40219498 5.37935257 5.35571861 5.33121014 5.30572176 5.2791214 5.25125217 5.22195482 5.19112921 5.15887165 5.12571526 5.09284592 5.06192255 5.03438663 5.01093483 4.99158096 4.9759841 4.96369314 4.95427799 4.94736528 4.94267941 4.9399333 4.9392252 4.93954659 4.94433022 4.94076061 4.97702265 4.87405109 5.30139685 3.76213551 9.58743191 0.0804944038 7.77805376 5.07417774
6.03661346 6.03661346 6.03661346 6.03661346 6.03661346 6.03661346 6.03661346 6.03661346 6.03661346 6.03661346 6.03661346 6.03661346 6.03661299 6.03661299 6.03661299 6.03661299 6.03661299 6.03661299 6.03661299 6.03661299 6.03661299 6.03661299 6.03661299 6.03661299 6.03661299 6.03661251 6.03661251 6.03661251 6.03661203 6.03661156 6.03661108 6.0366106 6.03661013 6.0366087 6.03660774 6.03660631 6.03660393 6.03660154 6.03659821 6.03659391 6.03658867 6.03658152 6.03657293 6.03656149 6.03654671 6.03652763 6.03650379 6.0364728 6.03643274 6.03638172 6.03631639 6.03623295 6.03612566 6.03598785 6.0358119 6.03558636 6.03529739 6.03492785 6.03445482 6.03385115 6.0330801 6.03209782 6.03084755 6.02926064 6.02725124 6.0247159 6.02153063 6.01754808 6.0126009 6.00649977 5.99904156 5.99001503 5.97921181 5.96644115 5.95464516 5.94505119 5.93856287 5.9317503 5.92461061 5.91714096 5.90934086 5.90121031 5.89274883 5.88395739 5.8748374 5.86538982 5.85561705 5.84552002 5.8350997 5.82435751 5.81329346 5.80190659 5.79019547 5.77815723 5.76578856 5.75308323 5.74003506 5.72663546 5.71287489 5.69874239 5.68422461 5.66930771 5.65397692 5.63821554 5.62200642 5.60533237 5.5881753 5.57051611 5.55233622 5.53361654 5.51433706 5.4944768 5.47401333 5.45291853 5.43116283 5.40870667 5.38549995 5.36147928 5.3365612 5.31063986 5.28358555 5.2552495 5.22549343 5.19425869 5.16171312 5.12847757 5.09577513 5.06518412 5.0379982 5.01480865 4.99560213 4.98005104 4.96773148 4.95823526 4.95121336 4.94638157 4.94354439 4.9425025 4.94338512 4.94539881 4.95151997 4.95100975 4.98472261 4.90146542 5.26738596 3.97063375 8.13113785 3.22867036 5.09552765
6.02336788 6.02336788 6.02336788 6.02336788 6.02336788 6.02336788 6.02336788 6.02336788 6.02336788 6.02336788 6.02336788 6.02336788 6.02336788 6.02336788 6.02336788 6.02336788 6.02336788 6.02336788 6.02336788 6.0233674 6.0233674 6.0233674 6.0233674 6.0233674 6.0233674 6.0233674 6.02336693 6.02336693 6.02336645 6.02336645 6.02336597 6.0233655 6.02336502 6.02336407 6.02336311 6.02336168 6.02336025 6.02335787 6.02335501 6.02335167 6.0233469 6.02334118 6.02333355 6.02332354 6.02331114 6.0232954 6.0232749 6.02324867 6.02321482 6.0231719 6.02311659 6.02304554 6.02295446 6.02283764 6.02268839 6.02249718 6.02225161 6.02193832 6.02153683 6.02102327 6.0203681 6.01953173 6.018466 6.0171113 6.01539278 6.0132184 6.01047802 6.00703955 6.00274801 5.99742699 5.99088001 5.9828968 5.97326279 5.96176767 5.95104551 5.94225693 5.93629074 5.93000078 5.92338276 5.91643095 5.90914249 5.90151501 5.89354515 5.88523245 5.87657595 5.86757469 5.85822821 5.84853697 5.83850002 5.82811737 5.81738806 5.80631018 5.79488182 5.78309917 5.7709589 5.7584548 5.7455802 5.73232746 5.71868706 5.70464802 5.69019794 5.67532396 5.66001129 5.64424467 5.62800789 5.61128426 5.59405661 5.57630682 5.55801725 5.53917027 5.51974535 5.49972343 5.47908115 5.45779276 5.43582678 5.41314459 5.38969517 5.36541462 5.34021902 5.31400299 5.28663826 5.25798512 5.22792053 5.19641781 5.16369534 5.13042974 5.09786272 5.06750965 5.04056358 5.01755142 4.99844265 4.98292065 4.97057867 4.96102524 4.95392323 4.94900036 4.94605589 4.94494104 4.94561243 4.94794083 4.95243359 4.95757341 4.96981144 4.9663558 5.03416157 4.85173512 3.93628669 5.76863384 5.09399986
6.01003027 6.01003027 6.01003027 6.01003027 6.01003027 6.01003027 6.01003027 6.01003027 6.01003027 6.01003027 6.01003027 6.01003027 6.01003027 6.01003027 6.01003027 6.01003027 6.01003027 6.01003027 6.01003027 6.01003027 6.01003027 6.01003027 6.01002979 6.01002979 6.01002979 6.01002979 6.01002979 6.01002932 6.01002932 6.01002884 6.01002884 6.01002836 6.01002789 6.01002693 6.01002645 6.01002502 6.01002359 6.01002169 6.0100193 6.01001644 6.01001263 6.01000738 6.01000118 6.00999308 6.00998259 6.00996876 6.00995159 6.00992918 6.00990057 6.00986433 6.00981712 6.00975704 6.00968027 6.00958157 6.00945473 6.0092926 6.0090847 6.00881863 6.00847816 6.00804281 6.00748587 6.0067749 6.00586843 6.00471354 6.00324631 6.00138617 5.99903584 5.99607611 5.99236727 5.98774624 5.98202705 5.97500658 5.96646643 5.95619059 5.94650459 5.93851757 5.93306971 5.92730474 5.9212141 5.91479063 5.90802908 5.90092373 5.89347029 5.88566446 5.87750292 5.86898327 5.86010265 5.85085869 5.84124994 5.83127356 5.82092762 5.8102088 5.79911375 5.78763866 5.77577829 5.76352644 5.7508769 5.73782063 5.72434807 5.71044922 5.69611216 5.68132305 5.66606855 5.65033436 5.63410378 5.61736202 5.60009146 5.58227587 5.56389856 5.54494095 5.52538538 5.50521231 5.48439884 5.46291971 5.44074345 5.41783094 5.39413166 5.36958075 5.3440938 5.31756687 5.28987598 5.26088953 5.23050547 5.19873381 5.16584778 5.13258076 5.10017967 5.07008886 5.04339886 5.02057171 5.00156403 4.98606968 4.97370148 4.96408463 4.95689344 4.9518733 4.94880295 4.94763756 4.94796896 4.95104837 4.9522419 4.9692297 4.9368248 5.09960318 4.54669857 6.68001127 6.36036682 4.11661577 5.09676886
5.99656725 5.99656725 5.99656725 5.99656725 5.99656725 5.99656725 5.99656725 5.99656725 5.99656725 5.99656725 5.99656725 5.99656725 5.99656725 5.99656725 5.99656725 5.99656725 5.99656725 5.99656725 5.99656725 5.99656725 5.99656725 5.99656725 5.99656725 5.99656725 5.99656725 5.99656677 5.99656677 5.99656677 5.99656677 5.9965663 5.9965663 5.99656582 5.99656534 5.99656487 5.99656391 5.99656296 5.996562 5.9965601 5.99655819 5.99655581 5.99655247 5.99654818 5.99654293 5.99653578 5.99652672 5.99651527 5.99650049 5.9964819 5.99645758 5.99642706 5.996387 5.99633646 5.99627113 5.99618769 5.9960804 5.99594307 5.99576712 5.99554157 5.99525309 5.99488401 5.99441147 5.99380827 5.9930377 5.99205589 5.99080563 5.98921824 5.98720694 5.9846673 5.98147392 5.97747707 5.97250509 5.96636248 5.95883989 5.94970322 5.94104338 5.93381119 5.92887688 5.92363024 5.9180665 5.91217518 5.90594816 5.89937782 5.89245749 5.88518 5.87753963 5.86953211 5.86115122 5.85239315 5.84325361 5.83372784 5.82381153 5.81350088 5.80279064 5.79167461 5.78014755 5.76820183 5.75583029 5.7430234 5.72977161 5.71606445 5.70188904 5.68723249 5.67208195 5.65642214 5.64023829 5.62351465 5.6062355 5.58838415 5.56994486 5.55090046 5.53123283 5.51092291 5.48994923 5.46828604 5.44590235 5.4227581 5.39880371 5.37397242 5.3481822 5.32133007 5.29329681 5.26396418 5.23325396 5.20121765 5.16818953 5.13495445 5.10275459 5.07295179 5.04653263 5.02389812 5.00499344 4.98952484 4.97712517 4.96743727 4.9601512 4.95501328 4.95184612 4.95047426 4.9510026 4.95277977 4.95828915 4.95866156 4.98780155 4.92048311 5.22596455 4.15560198 5.08709002 5.11646748 5.0986166
5.98294449 5.98294449 5.98294449 5.98294449 5.98294449 5.98294449 5.98294449 5.98294449 5.98294449 5.98294449 5.98294449 5.98294449 5.98294449 5.98294449 5.98294449 5.98294449 5.98294449 5.98294449 5.98294449 5.98294449 5.98294449 5.98294449 5.98294449 5.98294449 5.98294449 5.98294449 5.98294449 5.98294401 5.98294401 5.98294401 5.98294353 5.98294353 5.98294306 5.98294258 5.9829421 5.98294115 5.9829402 5.98293877 5.98293686 5.98293495 5.98293209 5.98292828 5.98292398 5.98291826 5.98291063 5.98290062 5.98288822 5.98287249 5.98285198 5.98282623 5.98279238 5.98274946 5.98269415 5.98262358 5.98253298 5.98241711 5.98226833 5.9820776 5.98183346 5.98152065 5.98112059 5.98060942 5.97995567 5.97912169 5.97805929 5.97670746 5.97499132 5.97281885 5.97007799 5.96663475 5.9623313 5.95698595 5.95039368 5.94233513 5.93460274 5.9281373 5.92369366 5.9189558 5.91391039 5.90854692 5.9028554 5.89682579 5.89044809 5.88371372 5.87661505 5.86914253 5.86129045 5.85305023 5.84441662 5.83538246 5.82594061 5.81608486 5.80580759 5.79510355 5.78396273 5.77237749 5.76033926 5.74783802 5.73486233 5.72140074 5.70744133 5.69297028 5.67797375 5.66243696 5.64634514 5.62968254 5.61243391 5.59458303 5.57611418 5.55701017 5.53725433 5.51682758 5.49570894 5.47387218 5.45128679 5.42791271 5.4036994 5.37858152 5.35247707 5.32528639 5.29689789 5.26720905 5.23617077 5.20388365 5.17074251 5.13757992 5.10561991 5.07613087 5.04999638 5.02756119 5.00876045 4.9933157 4.98087883 4.97111225 4.96371889 4.9584651 4.95514345 4.95372629 4.95379305 4.9566741 4.95747137 4.97487402 4.9399519 5.11126804 4.52577639 6.78023148 3.55246377 5.86157084 5.10096312
5.96912766 5.96912766 5.96912766 5.96912766 5.96912766 5.96912766 5.96912766 5.96912766 5.96912766 5.96912766 5.96912766 5.96912766 5.96912766 5.96912766 5.96912766 5.96912766 5.96912766 5.96912766 5.96912766 5.96912766 5.96912766 5.96912766 5.96912766 5.96912766 5.96912766 5.96912718 5.96912718 5.96912718 5.96912718 5.9691267 5.9691267 5.9691267 5.96912622 5.96912575 5.96912527 5.96912432 5.96912384 5.96912241 5.96912098 5.96911955 5.96911716 5.96911383 5.96911001 5.96910524 5.96909857 5.96909046 5.96907997 5.96906662 5.96904945 5.96902752 5.96899939 5.96896267 5.96891642 5.96885681 5.96878004 5.96868229 5.9685564 5.96839523 5.96818924 5.96792459 5.96758652 5.96715355 5.96660042 5.96589375 5.96499205 5.96384382 5.96238327 5.96053028 5.95818615 5.95523119 5.95152283 5.94689274 5.94114971 5.93407726 5.92724419 5.92148352 5.91751432 5.91326571 5.90872478 5.90387917 5.89871645 5.89322472 5.88739252 5.8812089 5.8746624 5.86774302 5.86044073 5.85274744 5.84464931 5.83614111 5.82721376 5.81785583 5.8080616 5.79781628 5.78711462 5.77594519 5.76429605 5.75215721 5.7395153 5.72635841 5.71267223 5.69844246 5.68365526 5.66829586 5.65234661 5.63579464 5.61862135 5.60081291 5.58235216 5.56322336 5.54340887 5.52289009 5.50164557 5.4796505 5.45687294 5.43327379 5.40880156 5.38339233 5.35696554 5.32942629 5.30067396 5.27062464 5.23926497 5.20674849 5.17353392 5.14049101 5.10881042 5.07966089 5.05382442 5.03159475 5.01289845 4.99747324 4.98499298 4.97513866 4.96762896 4.96223974 4.95878124 4.95719767 4.95720053 4.95964527 4.96142244 4.97456121 4.95499849 5.06850767 4.69834423 6.14886522 6.09278154 4.33800745 5.10345221
5.95508146 5.95508146 5.95508146 5.95508146 5.95508146 5.95508146 5.95508146 5.95508146 5.95508146 5.95508146 5.95508146 5.95508146 5.95508146 5.95508146 5.95508146 5.95508146 5.95508146 5.95508146 5.95508146 5.95508146 5.95508146 5.95508146 5.95508146 5.95508146 5.95508146 5.95508146 5.95508146 5.95508146 5.95508146 5.95508099 5.95508099 5.95508051 5.95508051 5.95508003 5.95507956 5.95507908 5.9550786 5.95507765 5.95507622 5.95507479 5.95507288 5.95507002 5.95506668 5.95506287 5.95505714 5.95505047 5.95504189 5.95503044 5.95501566 5.95499706 5.95497322 5.9549427 5.9549036 5.95485306 5.95478868 5.95470619 5.95459986 5.95446444 5.95428991 5.95406723 5.9537816 5.95341635 5.95294857 5.95235109 5.95158768 5.95061445 5.94937468 5.94779873 5.9458003 5.94327402 5.94009113 5.93610001 5.93112278 5.92495441 5.91894913 5.91385698 5.91033602 5.90655422 5.90249729 5.89815235 5.8935051 5.88854265 5.88325071 5.87761688 5.87162781 5.86527061 5.85853243 5.85140467 5.84386778 5.83591795 5.82753658 5.81871843 5.80944014 5.79970789 5.78949404 5.77879047 5.76758766 5.75586796 5.74361944 5.73082638 5.71747398 5.70354843 5.68903208 5.67390442 5.65815783 5.64176607 5.62472248 5.60700369 5.58859587 5.56948185 5.54964399 5.5290637 5.50771904 5.48558474 5.4626298 5.43881369 5.41408634 5.38838482 5.36163092 5.33373785 5.3046174 5.27421045 5.2425456 5.20983362 5.17659569 5.14372587 5.11236715 5.08358192 5.05805588 5.03603506 5.0174427 5.00203276 4.98950148 4.97954941 4.97191286 4.96637297 4.96277523 4.96097136 4.96104527 4.96248722 4.96730232 4.96844196 4.99305964 4.94115353 5.18788052 4.3357749 6.53177881 4.21690559 5.10620642
5.94077396 5.94077396 5.94077396 5.94077396 5.94077396 5.94077396 5.94077396 5.94077396 5.94077396 5.94077396 5.94077396 5.94077396 5.94077396 5.94077396 5.94077396 5.94077396 5.94077396 5.94077396 5.94077396 5.94077396 5.94077396 5.94077396 5.94077396 5.94077396 5.94077396 5.94077396 5.94077396 5.94077349 5.94077349 5.94077349 5.94077349 5.94077301 5.94077301 5.94077253 5.94077206 5.94077158 5.9407711 5.94077063 5.9407692 5.94076824 5.94076633 5.94076443 5.94076157 5.94075823 5.94075346 5.94074774 5.94074011 5.94073057 5.94071865 5.94070292 5.94068289 5.94065714 5.94062424 5.9405818 5.94052744 5.94045782 5.94036865 5.94025421 5.94010782 5.93991995 5.93967915 5.93937111 5.93897676 5.93847227 5.93782806 5.93700504 5.93595505 5.93461895 5.93292093 5.93076801 5.92804813 5.92462349 5.92033148 5.91498327 5.90973949 5.90526724 5.90216541 5.89882278 5.89522552 5.89135838 5.88720751 5.88275766 5.87799358 5.87290287 5.86746645 5.86167336 5.85550594 5.84895182 5.84199047 5.83462143 5.82681656 5.81856108 5.80986595 5.80066204 5.79098701 5.78080988 5.77010298 5.75885868 5.74706268 5.73469305 5.72173834 5.70817137 5.69397926 5.67916107 5.66366529 5.64751148 5.63064384 5.61307192 5.59476709 5.57571459 5.55589533 5.53529024 5.51387691 5.49163008 5.46851587 5.44449663 5.41952229 5.39353132 5.36645174 5.33820438 5.30871964 5.27796936 5.24602747 5.21316814 5.17996693 5.14732981 5.11633492 5.08793736 5.06273174 5.04092216 5.02243137 5.00703144 4.99444056 4.98437977 4.97660303 4.97090435 4.96713114 4.9651742 4.96500158 4.96656275 4.97016144 4.9751215 4.98482513 4.98800087 5.02867317 4.945189 7.07694674 3.83385468 5.10922146
5.92617416 5.92617416 5.92617416 5.92617416 5.92617416 5.92617416 5.92617416 5.92617416 5.92617416 5.92617416 5.92617416 5.92617416 5.92617416 5.92617416 5.92617416 5.92617416 5.92617416 5.92617416 5.92617416 5.92617416 5.92617416 5.92617416 5.92617416 5.92617416 5.92617416 5.92617416 5.92617416 5.92617416 5.92617369 5.92617369 5.92617369 5.92617369 5.92617321 5.92617321 5.92617273 5.92617226 5.92617178 5.9261713 5.92617035 5.9261694 5.92616796 5.92616606 5.92616367 5.92616081 5.926157 5.92615223 5.92614603 5.92613792 5.92612743 5.92611456 5.92609787 5.92607594 5.92604828 5.92601252 5.92596722 5.92590857 5.9258337 5.92573738 5.92561436 5.92545652 5.92525387 5.92499495 5.92466307 5.9242382 5.92369509 5.92300129 5.92211485 5.92098522 5.9195466 5.91771889 5.91540289 5.91247702 5.90879488 5.90418148 5.89963102 5.89573002 5.89301634 5.89008331 5.88691521 5.88349962 5.87981939 5.87586021 5.87160778 5.8670392 5.86214828 5.8569088 5.85131311 5.8453331 5.83898401 5.83218002 5.82497454 5.81731701 5.8091917 5.80059385 5.79149008 5.78186798 5.77171135 5.7609992 5.74971056 5.73783016 5.72532654 5.71221733 5.69843483 5.68395376 5.66880703 5.65289927 5.63630819 5.61893082 5.60078621 5.58184624 5.5620904 5.54150391 5.52005863 5.49772406 5.4744792 5.4502759 5.42506838 5.39879894 5.37140036 5.34280777 5.31297398 5.28190613 5.24973202 5.21678686 5.18369436 5.15135193 5.1207633 5.09277439 5.06789637 5.04629946 5.02790642 5.01250935 4.99984884 4.98966837 4.98173761 4.97586346 4.97191 4.96974421 4.96946049 4.97056103 4.97504234 4.97592402 5.00013494 4.94854212 5.19308424 4.34832048 4.42997789 5.53342295 5.11253071
5.91125584 5.91125584 5.91125584 5.91125584 5.91125584 5.91125584 5.91125584 5.91125584 5.91125584 5.91125584 5.91125584 5.91125584 5.91125584 5.91125584 5.91125584 5.91125584 5.91125584 5.91125584 5.91125584 5.91125584 5.91125584 5.91125584 5.91125584 5.91125584 5.91125584 5.91125584 5.91125584 5.91125584 5.91125584 5.91125584 5.91125584 5.91125536 5.91125536 5.91125488 5.91125488 5.91125441 5.91125393 5.91125345 5.91125298 5.91125202 5.91125059 5.91124916 5.91124725 5.91124487 5.91124153 5.91123772 5.91123247 5.9112258 5.91121721 5.91120577 5.91119194 5.91117382 5.91115046 5.91112089 5.91108227 5.91103363 5.91097069 5.9108901 5.91078663 5.91065407 5.91048431 5.91026688 5.90998793 5.90963125 5.90917492 5.90859079 5.90784454 5.90689182 5.90567732 5.90413094 5.90216684 5.89967775 5.89653301 5.89257526 5.88864994 5.88526773 5.88290882 5.88035154 5.87758255 5.87458658 5.87134886 5.86785364 5.86408091 5.86002684 5.85565186 5.85096264 5.84592009 5.84051323 5.83472872 5.828547 5.82193995 5.81489229 5.80738544 5.7993927 5.79090118 5.78188276 5.77231789 5.76218414 5.75145912 5.74011898 5.72814226 5.71549702 5.70217037 5.68814135 5.67337132 5.65785837 5.64155245 5.6244545 5.6065321 5.58776665 5.56813574 5.547616 5.52618074 5.50381565 5.48046303 5.45610142 5.43068075 5.40414715 5.37644768 5.34752989 5.31737518 5.28603363 5.25368881 5.22073555 5.1878314 5.15584898 5.1257062 5.09814358 5.07359934 5.05221319 5.03391314 5.01851034 5.00576973 4.9954567 4.98735476 4.98129845 4.97711182 4.97485828 4.97393417 4.9764719 4.97467661 4.99813223 4.93731976 5.20235729 4.26464605 7.83167934 5.55001783 4.56106758 5.11615944
5.89599895 5.89599895 5.89599895 5.89599895 5.89599895 5.89599895 5.89599895 5.89599895 5.89599895 5.89599895 5.89599895 5.89599895 5.89599895 5.89599895 5.89599895 5.89599895 5.89599895 5.89599895 5.89599895 5.89599895 5.89599848 5.89599895 5.89599895 5.89599848 5.89599848 5.89599848 5.89599848 5.89599848 5.89599848 5.89599848 5.89599848 5.89599848 5.895998 5.895998 5.895998 5.89599752 5.89599705 5.89599657 5.89599609 5.89599514 5.89599419 5.89599323 5.89599133 5.89598942 5.89598656 5.89598322 5.89597893 5.89597321 5.89596605 5.89595699 5.89594507 5.89592981 5.89591026 5.89588547 5.89585352 5.89581251 5.89576006 5.89569235 5.89560604 5.89549494 5.89535284 5.89517069 5.89493704 5.89463806 5.89425516 5.89376545 5.89313889 5.8923378 5.89131546 5.89001179 5.88835144 5.88624239 5.88356876 5.88019037 5.87682295 5.87390852 5.87187099 5.86965656 5.86725235 5.8646431 5.86181498 5.85874987 5.85543871 5.85185099 5.8479805 5.84381247 5.83930731 5.8344779 5.82925415 5.82366467 5.81766129 5.81123352 5.80434752 5.79699183 5.78912449 5.78074312 5.77180672 5.76229668 5.75218105 5.74143791 5.73003769 5.71795416 5.70515871 5.69162178 5.67732048 5.66222286 5.6463089 5.62954664 5.61191463 5.5933857 5.57393599 5.55353928 5.53216982 5.50979376 5.48638535 5.46190119 5.4362998 5.40953445 5.38156176 5.35235405 5.32192564 5.29037333 5.25793934 5.22507048 5.19244146 5.16088343 5.13122225 5.10410118 5.07989264 5.05871391 5.04049921 5.02508116 5.01224852 5.00178719 4.99350309 4.98723078 4.98285532 4.98026466 4.97954464 4.98028803 4.9842 4.98542929 5.00672388 4.96459436 5.17262602 4.46310234 4.83696413 5.28438568 5.12014103
5.88038874 5.88038874 5.88038874 5.88038874 5.88038874 5.88038874 5.88038874 5.88038874 5.88038874 5.88038874 5.88038874 5.88038874 5.88038874 5.88038874 5.88038874 5.88038874 5.88038874 5.88038874 5.88038874 5.88038874 5.88038874 5.88038874 5.88038874 5.88038874 5.88038874 5.88038874 5.88038874 5.88038826 5.88038826 5.88038826 5.88038826 5.88038826 5.88038826 5.88038778 5.88038778 5.88038778 5.88038731 5.88038683 5.88038635 5.88038588 5.88038492 5.88038397 5.88038254 5.88038063 5.88037872 5.88037586 5.88037205 5.88036728 5.88036156 5.88035393 5.88034391 5.88033104 5.88031483 5.88029432 5.88026714 5.88023329 5.88018894 5.88013268 5.88006067 5.87996817 5.87984896 5.87969685 5.87950182 5.87925196 5.87893152 5.87852144 5.87799644 5.87732506 5.87646723 5.8753705 5.87397337 5.87219286 5.86992979 5.86705923 5.86418581 5.86168861 5.85993958 5.85803366 5.85595894 5.85370207 5.85124731 5.84858227 5.84568739 5.8425498 5.839149 5.83546352 5.83148241 5.82716846 5.82253742 5.81750727 5.81210756 5.80628824 5.80003214 5.79331446 5.78611326 5.77837133 5.77009535 5.76123285 5.75177383 5.74166965 5.73089552 5.71942425 5.70721769 5.69424725 5.68047762 5.66587973 5.65042067 5.63407135 5.61679935 5.59857798 5.57937574 5.55916643 5.53791761 5.51559973 5.49217653 5.4676137 5.44187164 5.41491413 5.38671446 5.35727072 5.32663679 5.29496002 5.26253796 5.22985792 5.19759417 5.16652203 5.13737392 5.11070442 5.08683157 5.06585407 5.04771709 5.03227234 5.01933384 5.00870991 5.00022364 4.99372625 4.98911142 4.98628092 4.98531342 4.98585749 4.98943758 4.99090147 5.01040792 4.97415161 5.15959215 4.53418303 5.49612999 4.8764677 5.12449741
5.86442041 5.86442089 5.86442041 5.86442041 5.86442041 5.86442041 5.86442041 5.86442041 5.86442041 5.86442041 5.86442041 5.86442041 5.86442041 5.86442041 5.86442041 5.86442041 5.86442041 5.86442041 5.86442041 5.86442041 5.86442041 5.86442041 5.86442041 5.86442041 5.86442041 5.86442041 5.86442041 5.86442041 5.86442041 5.86442041 5.86442041 5.86442041 5.86442041 5.86441994 5.86441994 5.86441994 5.86441946 5.86441898 5.86441898 5.86441803 5.86441755 5.8644166 5.86441565 5.86441422 5.86441231 5.86440992 5.86440706 5.86440277 5.864398 5.86439133 5.86438322 5.86437273 5.86435938 5.86434174 5.8643198 5.86429119 5.86425447 5.86420727 5.86414719 5.86406994 5.86397123 5.86384392 5.86368132 5.86347294 5.86320543 5.86286306 5.86242485 5.86186314 5.86114454 5.86022806 5.85905266 5.85755587 5.85564756 5.85321951 5.85077953 5.84865141 5.84715796 5.84552717 5.84374809 5.84180641 5.83969498 5.83738756 5.83488083 5.83215094 5.82918262 5.82596064 5.82245779 5.81866407 5.81454182 5.8100872 5.80526066 5.80004311 5.79440689 5.78832197 5.78175926 5.7746954 5.76708889 5.75891352 5.75013161 5.74070597 5.73062563 5.71980762 5.70824623 5.69589901 5.68272591 5.66869354 5.65376043 5.63789177 5.62105751 5.60321474 5.58433723 5.5643816 5.54332161 5.52112103 5.49774551 5.47316074 5.44733524 5.42024517 5.39188433 5.36228275 5.33153629 5.29984474 5.26755333 5.23517561 5.20336676 5.1728363 5.1442275 5.11801672 5.09447527 5.07369137 5.05562019 5.04013681 5.02707815 5.01627445 5.00756741 5.0008316 4.99593019 4.99294186 4.99132442 4.99307775 4.99098015 5.01254511 4.95604753 5.20257568 4.33192492 7.64606857 3.59958506 5.811481 5.12930584
5.84810019 5.84810019 5.84810019 5.84810019 5.84810019 5.84810019 5.84810019 5.84810019 5.84810019 5.84810019 5.84810019 5.84810019 5.84810019 5.84810019 5.84810019 5.84810019 5.84810019 5.84810019 5.84810019 5.84810019 5.84810019 5.84810019 5.84810019 5.84810019 5.84810019 5.84810019 5.84810019 5.84810019 5.84810019 5.84809971 5.84809971 5.84809971 5.84809971 5.84809971 5.84809971 5.84809923 5.84809923 5.84809875 5.84809875 5.84809828 5.84809732 5.84809685 5.84809589 5.84809446 5.84809303 5.84809113 5.84808874 5.8480854 5.84808111 5.84807587 5.84806919 5.84806013 5.84804916 5.84803438 5.84801626 5.84799242 5.8479619 5.8479228 5.84787273 5.84780836 5.84772635 5.84762049 5.84748507 5.8473115 5.84708881 5.84680367 5.84643793 5.84596968 5.84537029 5.84460258 5.84362078 5.84236526 5.84076214 5.83871651 5.83665371 5.83484888 5.83357954 5.83219194 5.83067417 5.82901573 5.8272028 5.82522488 5.8230629 5.82070684 5.81814098 5.81533289 5.81228733 5.80895758 5.8053441 5.80141068 5.79713678 5.79249668 5.78745985 5.78200054 5.7760849 5.76968002 5.76275349 5.75526762 5.74718571 5.73847055 5.72907448 5.71896935 5.70810413 5.69643688 5.68392467 5.67052507 5.65618801 5.64089775 5.62456322 5.6071806 5.58868742 5.56907225 5.54827261 5.52626133 5.5030036 5.4784708 5.4526372 5.42549562 5.39706516 5.36741018 5.33667183 5.3050971 5.27306938 5.24111032 5.20984173 5.17990255 5.15185261 5.12610149 5.10288477 5.08228445 5.06426764 5.04873133 5.03553581 5.02453566 5.01558781 5.00858593 5.0034132 5.00010681 4.99833727 4.9993434 4.99877405 5.01345968 4.98156977 5.13532734 4.61011934 6.63912153 2.90206075 6.33570576 5.13445377
5.83144426 5.83144426 5.83144426 5.83144426 5.83144426 5.83144426 5.83144426 5.83144426 5.83144426 5.83144426 5.83144426 5.83144426 5.83144426 5.83144426 5.83144426 5.83144426 5.83144426 5.83144426 5.83144426 5.83144426 5.83144426 5.83144426 5.83144426 5.83144426 5.83144426 5.83144426 5.83144426 5.83144379 5.83144379 5.83144379 5.83144379 5.83144379 5.83144379 5.83144379 5.83144379 5.83144331 5.83144331 5.83144331 5.83144283 5.83144236 5.83144188 5.8314414 5.83144045 5.8314395 5.83143854 5.83143663 5.83143473 5.83143187 5.83142853 5.83142424 5.83141851 5.83141088 5.83140182 5.8313899 5.83137417 5.83135462 5.83132935 5.83129692 5.83125544 5.83120203 5.83113337 5.83104563 5.83093357 5.83078909 5.83060408 5.83036709 5.83006287 5.82967329 5.82917356 5.82853365 5.82771397 5.82666492 5.82532167 5.82360411 5.82186699 5.82034206 5.81927013 5.81809282 5.81680489 5.81539392 5.8138504 5.81215811 5.81031561 5.80828571 5.80607319 5.80365562 5.80101013 5.79812384 5.79496908 5.79153013 5.78777552 5.78367615 5.77921867 5.77435493 5.76906443 5.76330853 5.75705147 5.75025654 5.74288273 5.73488569 5.7262249 5.71684885 5.70671368 5.69577074 5.68396854 5.67125797 5.65758848 5.6429038 5.62716627 5.61031675 5.59231424 5.57310629 5.55265713 5.53092241 5.50787973 5.48348475 5.45774031 5.43065262 5.40227032 5.37269497 5.34211063 5.31080389 5.27918005 5.2477541 5.21710348 5.18779612 5.16031837 5.1350255 5.11212444 5.09169531 5.0737195 5.05811453 5.0447669 5.03354788 5.0243516 5.01704502 5.01160479 5.0078702 5.00624847 5.00528431 5.01071024 5.0017519 5.05695057 4.88468456 5.57537365 3.04840922 10.6478748 1.82256866 5.14054585
5.81448269 5.81448269 5.81448269 5.81448269 5.81448269 5.81448269 5.81448269 5.81448269 5.81448269 5.81448269 5.81448269 5.81448269 5.81448269 5.81448269 5.81448269 5.81448269 5.81448269 5.81448269 5.81448269 5.81448269 5.81448269 5.81448269 5.81448269 5.81448269 5.81448269 5.81448269 5.81448269 5.81448269 5.81448269 5.81448269 5.81448269 5.81448269 5.81448269 5.81448269 5.81448269 5.81448221 5.81448221 5.81448221 5.81448174 5.81448174 5.81448126 5.81448078 5.81447983 5.81447935 5.81447792 5.81447697 5.81447506 5.81447268 5.81446981 5.81446648 5.81446171 5.81445551 5.81444788 5.81443787 5.81442499 5.81440878 5.8143878 5.81436062 5.81432629 5.81428194 5.8142252 5.81415272 5.81405926 5.81393957 5.81378603 5.8135891 5.81333637 5.8130126 5.81259727 5.81206465 5.81138182 5.81050587 5.80938387 5.80794573 5.80648661 5.80520439 5.80429888 5.80330706 5.80221796 5.80102348 5.79971313 5.79827642 5.79669905 5.7949729 5.79307842 5.79100132 5.78872585 5.78623152 5.78349972 5.78050613 5.77722979 5.77364349 5.76971722 5.76542473 5.76072979 5.75559902 5.74999714 5.74387932 5.73719978 5.72992468 5.72199535 5.71336889 5.70399237 5.69380426 5.68275642 5.67078543 5.65783739 5.64385176 5.62876892 5.61253452 5.59509134 5.57639027 5.55638123 5.53502512 5.51228666 5.4881525 5.46262074 5.43572474 5.40754032 5.37820911 5.34794331 5.31706429 5.28598738 5.25520229 5.22523642 5.19659328 5.16969585 5.14485502 5.12225866 5.10198736 5.0840373 5.06834888 5.05483007 5.04337883 5.03388929 5.02629471 5.02047968 5.01659203 5.01398516 5.01516676 5.01112127 5.03614473 4.96328735 5.26785326 4.17808104 8.36051083 1.7645973 6.92247486 5.14553022
5.79726124 5.79726124 5.79726124 5.79726124 5.79726124 5.79726124 5.79726124 5.79726124 5.79726124 5.79726124 5.79726124 5.79726124 5.79726124 5.79726124 5.79726124 5.79726124 5.79726124 5.79726124 5.79726124 5.79726124 5.79726124 5.79726124 5.79726124 5.79726124 5.79726124 5.79726124 5.79726124 5.79726076 5.79726076 5.79726076 5.79726076 5.79726076 5.79726076 5.79726076 5.79726076 5.79726076 5.79726028 5.79726028 5.79726028 5.79725981 5.79725981 5.79725933 5.79725885 5.7972579 5.79725695 5.79725599 5.79725456 5.79725266 5.79725027 5.79724741 5.79724312 5.79723835 5.79723167 5.79722357 5.79721308 5.79719973 5.79718208 5.79715967 5.79713106 5.79709435 5.79704762 5.79698706 5.79690981 5.79681015 5.79668283 5.79651976 5.79630995 5.79604101 5.79569578 5.7952528 5.79468441 5.79395485 5.79301834 5.79181623 5.7905941 5.78951693 5.78875685 5.78792095 5.78700352 5.78599501 5.78488731 5.78366995 5.7823329 5.78086281 5.77924824 5.77747393 5.77552414 5.77338171 5.77102757 5.76844263 5.76559877 5.76247835 5.75904751 5.75528002 5.75114393 5.74660254 5.74161816 5.73615074 5.73015547 5.72358751 5.71639633 5.70851803 5.69989681 5.69049454 5.68022156 5.66903448 5.65685225 5.64361954 5.62926483 5.61372232 5.59693193 5.57883072 5.55937004 5.53850508 5.51620722 5.49246597 5.46729755 5.44075584 5.41294622 5.38403606 5.35427332 5.32399368 5.29359245 5.26354504 5.23432159 5.20636654 5.18005276 5.15565634 5.13335228 5.11322451 5.09528542 5.07949686 5.06578922 5.05408239 5.04429531 5.03635836 5.03022099 5.02588081 5.02329063 5.02276802 5.02350998 5.02920246 5.02716303 5.0662775 4.96621943 5.21036434 5.30884552 4.99584007 5.15728235
5.77983809 5.77983809 5.77983809 5.77983809 5.77983809 5.77983809 5.77983809 5.77983809 5.77983809 5.77983809 5.77983809 5.77983809 5.77983809 5.77983809 5.77983809 5.77983809 5.77983809 5.77983809 5.77983809 5.77983809 5.77983809 5.77983809 5.77983809 5.77983809 5.77983809 5.77983809 5.77983809 5.77983809 5.77983809 5.77983809 5.77983809 5.77983809 5.77983809 5.77983809 5.77983809 5.77983761 5.77983761 5.77983761 5.77983761 5.77983713 5.77983713 5.77983665 5.77983618 5.7798357 5.77983475 5.77983379 5.77983284 5.77983141 5.77982903 5.77982664 5.7798233 5.77981949 5.77981377 5.77980709 5.77979851 5.77978706 5.77977276 5.77975416 5.77973032 5.77970028 5.77966118 5.77961111 5.77954674 5.77946424 5.77935839 5.77922249 5.77904844 5.77882481 5.77853823 5.77816963 5.77769661 5.77708864 5.77630758 5.77530336 5.77428007 5.77337694 5.77273846 5.77203655 5.7712636 5.77041435 5.76947927 5.76845074 5.76731825 5.76607227 5.76469994 5.76318884 5.7615242 5.75969267 5.75767136 5.75544548 5.75299263 5.75028849 5.74730825 5.74402189 5.74039888 5.73640537 5.73200274 5.72715092 5.72180176 5.71591759 5.70942307 5.70228767 5.69443941 5.68581152 5.67634439 5.6659584 5.65460014 5.64216566 5.6286006 5.61382818 5.59777069 5.58037806 5.56158161 5.54134083 5.51962948 5.49644375 5.47181559 5.44581842 5.4185791 5.39029074 5.36121511 5.33168316 5.30209637 5.2728672 5.24443102 5.21718216 5.1914525 5.16749144 5.14546728 5.12546968 5.10752678 5.09162188 5.07770872 5.06572771 5.05561495 5.04732752 5.04080009 5.03614235 5.03294897 5.03292131 5.03013515 5.04742765 5.00068092 5.20541334 4.48623419 7.95021772 3.11981034 6.11382675 5.14664316
5.76228952 5.76228952 5.76228952 5.76228952 5.76228952 5.76228952 5.76228952 5.76228952 5.76228952 5.76228952 5.76228952 5.76228952 5.76228952 5.76228952 5.76228952 5.76228952 5.76228952 5.76228952 5.76228952 5.76228952 5.76228952 5.76228952 5.76228952 5.76228952 5.76228952 5.76228952 5.76228952 5.76228952 5.76228952 5.76228952 5.76228952 5.76228952 5.76228952 5.76228952 5.76228905 5.76228905 5.76228905 5.76228905 5.76228905 5.76228857 5.76228857 5.76228809 5.76228762 5.76228762 5.76228666 5.76228619 5.76228523 5.7622838 5.76228189 5.76227999 5.76227713 5.76227379 5.7622695 5.76226377 5.76225662 5.76224709 5.76223516 5.76221991 5.76219988 5.76217461 5.76214218 5.7621007 5.76204729 5.76197863 5.76189041 5.7617774 5.76163244 5.76144648 5.76120758 5.7609005 5.76050615 5.7599988 5.75934649 5.7585063 5.75764942 5.75689125 5.75635529 5.75576496 5.75511503 5.7543993 5.75361061 5.75274181 5.75178432 5.75072813 5.74956417 5.74827957 5.74686146 5.745296 5.74356699 5.74165869 5.73954725 5.73721552 5.73463488 5.73178101 5.72862434 5.72512865 5.72126102 5.71697903 5.71223974 5.70699167 5.70118761 5.69476366 5.68765974 5.679811 5.67114353 5.66158485 5.651052 5.63947153 5.62675762 5.61282587 5.59762096 5.58103323 5.56302977 5.54355669 5.52259207 5.50014496 5.47625399 5.45100737 5.42454815 5.39707994 5.36886978 5.34024334 5.31156588 5.28323174 5.25562429 5.22909832 5.20395041 5.18041801 5.15866232 5.1387825 5.12082338 5.10478783 5.09065199 5.07837772 5.06792116 5.0592556 5.05233002 5.04727125 5.0436697 5.04329348 5.04001713 5.05746937 5.00862074 5.21988821 4.47523069 4.63698912 5.41355324 5.0973711 5.22268772
5.74470615 5.74470615 5.74470615 5.74470615 5.74470615 5.74470615 5.74470615 5.74470615 5.74470615 5.74470615 5.74470615 5.74470615 5.74470615 5.74470615 5.74470615 5.74470615 5.74470615 5.74470615 5.74470615 5.74470615 5.74470615 5.74470615 5.74470615 5.74470615 5.74470615 5.74470615 5.74470615 5.74470615 5.74470615 5.74470615 5.74470615 5.74470615 5.74470615 5.74470615 5.74470615 5.74470615 5.74470615 5.74470615 5.74470568 5.74470568 5.74470568 5.7447052 5.74470472 5.74470472 5.74470425 5.74470329 5.74470234 5.74470139 5.74469995 5.74469852 5.74469614 5.74469328 5.74468946 5.7446847 5.7446785 5.74467087 5.74466085 5.74464798 5.74463177 5.74461031 5.74458313 5.7445488 5.74450397 5.74444675 5.74437332 5.74427891 5.74415779 5.74400234 5.74380255 5.74354553 5.74321556 5.74279118 5.74224424 5.74153948 5.74081945 5.7401824 5.73973083 5.73923397 5.73868561 5.73808193 5.73741579 5.73668146 5.73587036 5.73497677 5.73398685 5.7328949 5.73168755 5.73035192 5.72887802 5.72723627 5.72542763 5.72341585 5.72119045 5.71871805 5.71597528 5.71292973 5.70954609 5.70578575 5.70160627 5.69696045 5.69179392 5.68604994 5.67966843 5.67257738 5.66470623 5.65597486 5.64630365 5.63560438 5.62379169 5.61078024 5.59648132 5.5808301 5.56375599 5.54520988 5.52518749 5.50366592 5.48071718 5.45642996 5.43095493 5.40450048 5.37732363 5.34973288 5.32207012 5.29469109 5.26794481 5.24215269 5.21759176 5.19448233 5.17298889 5.15321827 5.13523245 5.11905479 5.10468292 5.09209633 5.081285 5.0721879 5.06496191 5.05902767 5.05667496 5.04965496 5.06927156 4.99951696 5.2745347 4.27573252 8.04596329 4.03266096 5.92601681 4.37237549 4.97861195
5.72719574 5.72719574 5.72719574 5.72719574 5.72719574 5.72719574 5.72719574 5.72719574 5.72719574 5.72719574 5.72719574 5.72719574 5.72719574 5.72719574 5.72719574 5.72719574 5.72719574 5.72719574 5.72719574 5.72719574 5.72719574 5.72719574 5.72719574 5.72719574 5.72719574 5.72719574 5.72719574 5.72719574 5.72719574 5.72719574 5.72719574 5.72719574 5.72719574 5.72719574 5.72719574 5.72719574 5.72719526 5.72719526 5.72719526 5.72719526 5.72719526 5.72719479 5.72719479 5.72719431 5.72719383 5.72719336 5.7271924 5.72719193 5.72719049 5.72718906 5.72718716 5.72718477 5.72718143 5.72717762 5.72717237 5.72716618 5.72715759 5.72714663 5.7271328 5.72711515 5.72709227 5.72706318 5.72702551 5.72697783 5.72691584 5.72683668 5.72673464 5.72660398 5.72643614 5.72622013 5.72594261 5.72558498 5.72512436 5.72453022 5.72392273 5.72338438 5.72300339 5.72258282 5.72211933 5.72160769 5.72104359 5.72042036 5.71973228 5.71897125 5.71813059 5.71720028 5.71617031 5.71502924 5.71376419 5.71236324 5.71080589 5.70907831 5.70715714 5.70502138 5.70264387 5.69999647 5.69704628 5.69375801 5.69008827 5.68599367 5.68142271 5.6763258 5.67062521 5.66426897 5.65717649 5.64927101 5.64046717 5.63067818 5.61981392 5.60778332 5.5945034 5.5798893 5.56387711 5.54641962 5.52748585 5.50709772 5.48529387 5.46217442 5.4378829 5.41262007 5.38662529 5.36019087 5.33362818 5.30726194 5.28141165 5.25637245 5.23240566 5.20972252 5.18848658 5.1688242 5.15080595 5.13447809 5.11985826 5.10695171 5.09574986 5.08627224 5.0784626 5.07260942 5.06783104 5.06777239 5.05940628 5.09222078 4.98276567 5.41738176 3.83680964 7.1532917 3.41743565 7.45487356 5.93289089
5.70988035 5.70988035 5.70988035 5.70988035 5.70988035 5.70988035 5.70988035 5.70988035 5.70988035 5.70988035 5.70988035 5.70988035 5.70988035 5.70988035 5.70988035 5.70988035 5.70988035 5.70988035 5.70988035 5.70988035 5.70988035 5.70988035 5.70988035 5.70988035 5.70988035 5.70988035 5.70988035 5.70988035 5.70988035 5.70988035 5.70988035 5.70988035 5.70988035 5.70988035 5.70988035 5.70988035 5.70988035 5.70988035 5.70988035 5.70987988 5.70987988 5.70987988 5.7098794 5.7098794 5.70987892 5.70987844 5.70987797 5.70987701 5.70987606 5.70987463 5.7098732 5.70987129 5.70986843 5.70986509 5.7098608 5.70985508 5.7098484 5.70983887 5.70982742 5.70981216 5.70979309 5.7097683 5.70973635 5.70969582 5.70964336 5.70957613 5.7094903 5.7093792 5.7092371 5.70905399 5.70881891 5.70851564 5.70812511 5.7076211 5.70710516 5.70664787 5.70632362 5.705966 5.70557165 5.70513678 5.70465612 5.70412493 5.70353842 5.70288944 5.70217133 5.70137644 5.70049524 5.69951916 5.69843483 5.69723177 5.69589329 5.69440556 5.6927495 5.69090462 5.68884659 5.68655014 5.68398571 5.68111801 5.67791033 5.67432451 5.67030334 5.66579628 5.66075182 5.65509653 5.64876223 5.6416707 5.63373804 5.62487793 5.61499786 5.6040082 5.59181833 5.57834721 5.56352472 5.54729605 5.52963877 5.51055098 5.49007845 5.46830893 5.44537258 5.42146206 5.39678001 5.37161255 5.3462286 5.32093287 5.29601622 5.27175522 5.24839544 5.22614813 5.20518398 5.1856308 5.16758347 5.15110493 5.13623381 5.12299395 5.11140394 5.1014781 5.09326172 5.08674383 5.08222914 5.07899857 5.08037376 5.07488346 5.10662842 5.01275969 5.40324879 4.57413864 5.68471766 4.78533745 4.98749352
5.69289827 5.69289827 5.69289827 5.69289827 5.69289827 5.69289827 5.69289827 5.69289827 5.69289827 5.69289827 5.69289827 5.69289827 5.69289827 5.69289827 5.69289827 5.69289827 5.69289827 5.69289827 5.69289827 5.69289827 5.69289827 5.69289827 5.69289827 5.69289827 5.69289827 5.69289827 5.69289827 5.69289827 5.69289827 5.69289827 5.69289827 5.69289827 5.69289827 5.69289827 5.69289827 5.69289827 5.69289827 5.69289827 5.69289827 5.69289827 5.6928978 5.6928978 5.6928978 5.69289732 5.69289732 5.69289684 5.69289637 5.69289541 5.69289494 5.69289351 5.69289207 5.69289064 5.69288826 5.6928854 5.69288158 5.69287682 5.69287109 5.69286299 5.69285297 5.6928401 5.69282389 5.69280243 5.69277573 5.69274092 5.69269609 5.69263887 5.69256496 5.69247055 5.69234896 5.69219255 5.69199133 5.69173241 5.69139862 5.69096756 5.69052649 5.69013548 5.68985796 5.68955231 5.68921471 5.6888423 5.68843079 5.68797588 5.6874733 5.6869173 5.68630171 5.68561935 5.68486357 5.68402481 5.68309355 5.68205881 5.68090773 5.67962599 5.67819834 5.67660522 5.6748271 5.67283964 5.67061567 5.66812611 5.66533566 5.66220427 5.65869045 5.65474415 5.65030813 5.64532328 5.63972139 5.63342524 5.62636042 5.61843634 5.60956621 5.59965897 5.588624 5.57637835 5.56284714 5.54797792 5.53172493 5.51409292 5.49511051 5.47484636 5.45341969 5.4309845 5.40774918 5.38393641 5.35981655 5.33565187 5.31171656 5.28826952 5.26554823 5.24376154 5.22308397 5.20365906 5.18559361 5.16897154 5.15385151 5.14027834 5.1282897 5.11792183 5.1092248 5.10225153 5.0971427 5.09386539 5.09324121 5.09318781 5.10282469 5.08988762 5.17701387 5.27138472 4.72978878 4.46114445 5.31037569
5.67640209 5.67640209 5.67640209 5.67640209 5.67640209 5.67640209 5.67640209 5.67640209 5.67640209 5.67640209 5.67640209 5.67640209 5.67640209 5.67640209 5.67640209 5.67640209 5.67640209 5.67640209 5.67640209 5.67640209 5.67640209 5.67640209 5.67640209 5.67640209 5.67640209 5.67640209 5.67640209 5.67640209 5.67640209 5.67640209 5.67640209 5.67640209 5.67640209 5.67640209 5.67640209 5.67640209 5.67640209 5.67640209 5.67640209 5.67640209 5.67640162 5.67640162 5.67640162 5.67640114 5.67640114 5.67640066 5.67640018 5.67639971 5.67639923 5.67639828 5.67639685 5.67639542 5.67639351 5.67639112 5.67638779 5.67638397 5.67637873 5.67637157 5.67636299 5.67635202 5.6763382 5.6763196 5.67629623 5.67626667 5.67622805 5.67617846 5.67611504 5.67603397 5.67592907 5.6757946 5.67562151 5.67539883 5.67511082 5.67474079 5.67436075 5.67402458 5.67378569 5.67352295 5.67323256 5.67291212 5.67255831 5.67216682 5.67173481 5.67125654 5.67072678 5.67014027 5.66948986 5.66876888 5.66796732 5.66707706 5.6660862 5.66498327 5.66375303 5.6623826 5.66084814 5.65913391 5.65721416 5.65506268 5.65264845 5.64993715 5.64688873 5.64345837 5.63959694 5.63524771 5.63034582 5.62483168 5.61861038 5.61162043 5.6037674 5.59496307 5.58512259 5.57415724 5.56199169 5.54856205 5.53382444 5.51776743 5.50038862 5.48176003 5.46195793 5.44112539 5.41942596 5.39707756 5.37428904 5.35132599 5.32843018 5.3058486 5.28381014 5.26252365 5.24216938 5.22290087 5.20484352 5.188097 5.17274189 5.15884352 5.1464572 5.13564825 5.12645197 5.11906052 5.11317682 5.11046934 5.10548639 5.11962509 5.07442904 5.26451349 4.59257603 5.13731194 6.35610771 8.49937725 5.03418255
5.66055822 5.66055822 5.66055822 5.66055822 5.66055822 5.66055822 5.66055822 5.66055822 5.66055822 5.66055822 5.66055822 5.66055822 5.66055822 5.66055822 5.66055822 5.66055822 5.66055822 5.66055822 5.66055822 5.66055822 5.66055822 5.66055822 5.66055822 5.66055822 5.66055822 5.66055822 5.66055822 5.66055822 5.66055822 5.66055822 5.66055822 5.66055822 5.66055822 5.66055822 5.66055822 5.66055822 5.66055822 5.66055822 5.66055822 5.66055822 5.66055775 5.66055775 5.66055775 5.66055775 5.66055727 5.66055727 5.66055679 5.66055632 5.66055536 5.66055489 5.66055393 5.6605525 5.66055059 5.66054869 5.66054583 5.66054249 5.66053772 5.660532 5.66052437 5.66051483 5.66050291 5.66048717 5.66046667 5.66044092 5.66040754 5.6603651 5.66031027 5.6602397 5.6601491 5.66003275 5.6598835 5.65969038 5.65944386 5.65912247 5.65879536 5.65850496 5.65829897 5.65807247 5.65782213 5.65754604 5.65724134 5.6569047 5.65653229 5.65612078 5.6556654 5.6551609 5.65460205 5.65398216 5.65329409 5.65252972 5.65167952 5.65073252 5.64967871 5.64850044 5.64718628 5.64571619 5.64406967 5.64222383 5.64015245 5.63782358 5.63520527 5.63225603 5.62893152 5.6251812 5.62094975 5.61617231 5.6107831 5.60470438 5.59785461 5.59015942 5.58151293 5.57184935 5.56108332 5.54914379 5.53598022 5.52155781 5.5058794 5.4889636 5.47088432 5.45174122 5.43167639 5.41086197 5.389503 5.36781693 5.34603405 5.32438612 5.30309391 5.28236628 5.26238823 5.24332523 5.22531605 5.20848036 5.19291782 5.17871237 5.16595125 5.15467787 5.14510012 5.13685799 5.13179731 5.1236825 5.13662338 5.08176756 5.29217291 4.52669144 7.41956997 4.39175749 4.42960548 4.53783989 5.89205313
5.64554644 5.64554644 5.64554644 5.64554644 5.64554644 5.64554644 5.64554644 5.64554644 5.64554644 5.64554644 5.64554644 5.64554644 5.64554644 5.64554644 5.64554644 5.64554644 5.64554644 5.64554644 5.64554644 5.64554644 5.64554644 5.64554644 5.64554644 5.64554644 5.64554644 5.64554644 5.64554644 5.64554644 5.64554644 5.64554644 5.64554644 5.64554644 5.64554644 5.64554644 5.64554644 5.64554644 5.64554644 5.64554644 5.64554644 5.64554644 5.64554596 5.64554596 5.64554596 5.64554596 5.64554548 5.64554548 5.64554501 5.64554453 5.64554405 5.64554358 5.64554262 5.64554119 5.64553976 5.64553785 5.64553547 5.64553261 5.64552879 5.64552355 5.64551735 5.64550924 5.64549828 5.64548492 5.64546728 5.64544487 5.64541626 5.64537954 5.64533234 5.6452713 5.64519358 5.64509296 5.64496422 5.64479828 5.64458418 5.64430904 5.64402723 5.64377785 5.64360094 5.64340591 5.64319134 5.64295435 5.64269304 5.64240456 5.64208508 5.64173412 5.64134312 5.64091206 5.64043427 5.63990498 5.63931799 5.63866615 5.63794136 5.63713551 5.6362381 5.63523674 5.63411951 5.63287067 5.63147259 5.62990665 5.6281476 5.62617588 5.62395 5.62144613 5.6186223 5.61543369 5.61183214 5.60775948 5.60315609 5.59795284 5.59207582 5.58544683 5.57798338 5.5696063 5.56022882 5.54978371 5.53820658 5.52545357 5.51150036 5.49635458 5.48005486 5.46266937 5.4443121 5.42512035 5.40526962 5.38494396 5.36436129 5.3437314 5.32326984 5.30317974 5.28365326 5.26486349 5.24696493 5.230093 5.21436739 5.19989443 5.18677568 5.17509699 5.16501045 5.15645885 5.15025139 5.14409876 5.14747763 5.12621355 5.20936441 4.91714668 6.04227686 5.72497034 8.87355709 3.16527438 5.08583927
5.6315589 5.6315589 5.6315589 5.6315589 5.6315589 5.6315589 5.6315589 5.6315589 5.6315589 5.6315589 5.6315589 5.6315589 5.6315589 5.6315589 5.6315589 5.6315589 5.6315589 5.6315589 5.6315589 5.6315589 5.6315589 5.6315589 5.6315589 5.6315589 5.6315589 5.6315589 5.6315589 5.6315589 5.6315589 5.6315589 5.6315589 5.6315589 5.6315589 5.6315589 5.6315589 5.6315589 5.6315589 5.63155842 5.63155842 5.63155842 5.63155842 5.63155842 5.63155842 5.63155842 5.63155794 5.63155794 5.63155746 5.63155699 5.63155651 5.63155603 5.63155556 5.6315546 5.63155317 5.63155174 5.63154984 5.63154697 5.63154364 5.63153934 5.63153362 5.63152695 5.63151789 5.63150597 5.63149118 5.63147211 5.63144779 5.63141632 5.63137579 5.63132381 5.63125753 5.6311717 5.63106203 5.63092041 5.63073874 5.63050413 5.63026428 5.63005257 5.62990189 5.62973738 5.62955475 5.629354 5.62913227 5.62888813 5.62861824 5.62831974 5.6279912 5.62762642 5.62722349 5.62677717 5.62628269 5.62573433 5.62512493 5.62444782 5.62369442 5.62285471 5.62191868 5.62087297 5.61970329 5.61839294 5.61692286 5.61527205 5.61341381 5.6113224 5.6089592 5.60629177 5.60327387 5.59985924 5.59599113 5.59161091 5.58665085 5.58103895 5.57470036 5.56755447 5.55952454 5.55053329 5.54051352 5.52940798 5.51717854 5.5038085 5.48930931 5.47372532 5.45712709 5.43962669 5.42135859 5.40249062 5.38320303 5.36369371 5.34416389 5.32481384 5.30583572 5.28741169 5.26970673 5.2528739 5.23705149 5.22236633 5.20893812 5.19688892 5.18633604 5.17745352 5.17028379 5.16549444 5.16161489 5.16540146 5.15321112 5.21516037 5.01719284 4.77576733 3.95582628 6.2375021 5.27516508
5.61879921 5.61879921 5.61879921 5.61879921 5.61879921 5.61879921 5.61879921 5.61879921 5.61879921 5.61879921 5.61879921 5.61879921 5.61879921 5.61879921 5.61879921 5.61879921 5.61879921 5.61879921 5.61879921 5.61879921 5.61879921 5.61879921 5.61879921 5.61879921 5.61879921 5.61879921 5.61879921 5.61879921 5.61879921 5.61879921 5.61879921 5.61879921 5.61879921 5.61879921 5.61879921 5.61879921 5.61879921 5.61879921 5.61879873 5.61879873 5.61879873 5.61879873 5.61879873 5.61879873 5.61879826 5.61879826 5.61879826 5.61879778 5.6187973 5.61879683 5.61879635 5.61879539 5.61879444 5.61879301 5.61879158 5.6187892 5.61878633 5.618783 5.61877823 5.61877251 5.61876488 5.61875534 5.61874294 5.61872673 5.61870623 5.61868 5.61864662 5.61860323 5.61854744 5.61847639 5.61838484 5.61826706 5.61811543 5.6179204 5.61772156 5.61754465 5.6174221 5.61728287 5.61713219 5.61696529 5.61678171 5.61657906 5.6163559 5.61610937 5.6158371 5.61553574 5.6152029 5.61483479 5.61442709 5.61397457 5.61347294 5.61291552 5.6122961 5.61160612 5.61083698 5.6099782 5.6090188 5.60794353 5.60673904 5.6053834 5.60386086 5.60214186 5.60020256 5.59801006 5.59552717 5.59271288 5.58951998 5.58589554 5.58178043 5.57711124 5.5718174 5.56582594 5.55906153 5.55144739 5.54291391 5.53339481 5.52284002 5.51121426 5.49850416 5.48472309 5.46991539 5.45415306 5.43754244 5.42021227 5.40232182 5.38404369 5.36556435 5.34707451 5.32876492 5.3108201 5.29341984 5.27672577 5.26089668 5.24607849 5.23241186 5.22004223 5.20910549 5.19981003 5.19217539 5.1870532 5.18237782 5.18720484 5.16935444 5.25080538 4.97787237 6.34710169 6.63026905 3.36886573 5.42003441
5.60748196 5.60748196 5.60748196 5.60748196 5.60748196 5.60748196 5.60748196 5.60748196 5.60748196 5.60748196 5.60748196 5.60748196 5.60748196 5.60748196 5.60748196 5.60748196 5.60748196 5.60748196 5.60748196 5.60748196 5.60748196 5.60748196 5.60748196 5.60748196 5.60748196 5.60748196 5.60748196 5.60748196 5.60748196 5.60748196 5.60748196 5.60748196 5.60748196 5.60748196 5.60748196 5.60748196 5.60748196 5.60748196 5.60748196 5.60748196 5.60748148 5.60748148 5.60748148 5.60748148 5.60748148 5.607481 5.607481 5.607481 5.60748053 5.60748005 5.60747957 5.6074791 5.60747814 5.60747719 5.60747576 5.60747385 5.60747194 5.60746861 5.60746527 5.6074605 5.6074543 5.60744667 5.60743666 5.60742378 5.60740709 5.60738611 5.60735941 5.60732412 5.60728025 5.60722256 5.60714865 5.60705423 5.60693264 5.60677576 5.60661602 5.60647488 5.60637426 5.60626459 5.60614347 5.60600948 5.60586262 5.60570002 5.6055212 5.60532379 5.6051054 5.6048646 5.60459805 5.60430336 5.6039772 5.60361528 5.60321379 5.60276842 5.60227251 5.60172081 5.60110569 5.60041952 5.59965038 5.59879017 5.5978241 5.59673929 5.5955162 5.59413624 5.59257793 5.59081078 5.58880806 5.58653307 5.5839448 5.58100033 5.57764769 5.57382822 5.5694828 5.56454325 5.55893707 5.55259705 5.54544449 5.5374198 5.52845192 5.51849413 5.50751972 5.49551344 5.48248863 5.46848726 5.45357847 5.4378624 5.42146349 5.40453005 5.38722754 5.36973286 5.35223007 5.33490944 5.3179388 5.30151224 5.28579235 5.2709465 5.25713682 5.24452782 5.23328924 5.22360992 5.21569014 5.2098155 5.20612335 5.2055192 5.20627785 5.21669149 5.20963144 5.1151948 3.72397327 9.8379488 4.7542181
5.59783077 5.59783077 5.59783077 5.59783077 5.59783077 5.59783077 5.59783077 5.59783077 5.59783077 5.59783077 5.59783077 5.59783077 5.59783077 5.59783077 5.59783077 5.59783077 5.59783077 5.59783077 5.59783077 5.59783077 5.59783077 5.59783077 5.59783077 5.59783077 5.59783077 5.59783077 5.59783077 5.59783077 5.59783077 5.59783077 5.59783077 5.59783077 5.59783077 5.59783077 5.59783077 5.59783077 5.59783077 5.59783077 5.59783077 5.59783077 5.59783077 5.59783077 5.59783077 5.5978303 5.5978303 5.5978303 5.5978303 5.59782982 5.59782982 5.59782934 5.59782887 5.59782839 5.59782791 5.59782696 5.597826 5.59782457 5.59782314 5.59782076 5.5978179 5.59781456 5.59780979 5.59780407 5.59779644 5.59778643 5.59777403 5.59775782 5.59773731 5.59771061 5.59767675 5.59763288 5.59757662 5.59750462 5.59741163 5.59729195 5.59716988 5.59706211 5.59698486 5.59690142 5.59680843 5.59670639 5.59659386 5.59646988 5.59633255 5.59618139 5.59601402 5.59582949 5.59562492 5.5953989 5.59514809 5.59486961 5.5945611 5.59421778 5.59383535 5.59340954 5.59293365 5.59240198 5.59180641 5.59113836 5.59038639 5.58954 5.58858442 5.58750391 5.58627892 5.58488894 5.58330774 5.5815053 5.57945395 5.57710266 5.57441998 5.57135248 5.5678463 5.56383991 5.55927896 5.55407572 5.54818106 5.54151487 5.53401566 5.52562571 5.51629496 5.50599337 5.49470949 5.4824543 5.46926832 5.45521164 5.44038248 5.42489672 5.40889502 5.39253616 5.37599182 5.35943985 5.34306812 5.32705641 5.31158972 5.29685116 5.28302002 5.27028322 5.25883865 5.24887514 5.24070692 5.23429441 5.23108053 5.22716427 5.23877239 5.20715237 5.34639692 5.24966383 6.62574863 4.09549522 7.38260651
5.59007692 5.59007692 5.59007692 5.59007692 5.59007692 5.59007692 5.59007692 5.59007692 5.59007692 5.59007692 5.59007692 5.59007692 5.59007692 5.59007692 5.59007692 5.59007692 5.59007692 5.59007692 5.59007692 5.59007692 5.59007692 5.59007692 5.59007692 5.59007692 5.59007692 5.59007692 5.59007692 5.59007692 5.59007692 5.59007692 5.59007692 5.59007692 5.59007692 5.59007692 5.59007692 5.59007692 5.59007692 5.59007692 5.59007692 5.59007692 5.59007692 5.59007692 5.59007692 5.59007692 5.59007692 5.59007645 5.59007645 5.59007645 5.59007645 5.59007597 5.59007597 5.59007549 5.59007502 5.59007454 5.59007359 5.59007263 5.59007168 5.59006977 5.59006786 5.59006548 5.59006214 5.59005785 5.5900526 5.59004545 5.59003687 5.59002542 5.59001064 5.58999157 5.58996773 5.58993673 5.58989668 5.58984518 5.58977938 5.58969355 5.58960724 5.58952856 5.58947706 5.58941364 5.58934784 5.58927441 5.58919334 5.58910418 5.58900499 5.5888958 5.58877516 5.58864117 5.58849287 5.58832836 5.58814526 5.58794212 5.5877161 5.58746386 5.58718204 5.58686733 5.58651447 5.58611917 5.58567429 5.58517361 5.58460855 5.58396959 5.58324575 5.58242273 5.58148718 5.58042002 5.57920122 5.57780647 5.57620668 5.57437325 5.57226753 5.56984615 5.56706572 5.56387377 5.56021023 5.55602074 5.55123425 5.54578686 5.53961468 5.53264809 5.52483845 5.51613712 5.50651073 5.49594927 5.48446274 5.47208118 5.45886946 5.44491196 5.43032169 5.41523314 5.39979792 5.38418627 5.3685751 5.3531518 5.33810711 5.32363462 5.30993414 5.2972126 5.28567696 5.27559376 5.26709127 5.26092291 5.25565434 5.25816965 5.24443626 5.30587292 5.12901592 4.49593115 6.45343876 4.83751249 4.78490019
5.58445597 5.58445597 5.58445597 5.58445597 5.58445597 5.58445597 5.58445597 5.58445597 5.58445597 5.58445597 5.58445597 5.58445597 5.58445597 5.58445597 5.58445597 5.58445597 5.58445597 5.58445597 5.58445597 5.58445597 5.58445597 5.58445597 5.58445597 5.58445597 5.58445597 5.58445597 5.58445597 5.58445597 5.58445597 5.58445597 5.58445597 5.58445597 5.58445597 5.58445597 5.58445597 5.58445597 5.58445597 5.58445597 5.58445597 5.58445597 5.58445597 5.58445597 5.58445597 5.58445597 5.58445597 5.58445597 5.58445597 5.58445597 5.58445549 5.58445549 5.58445549 5.58445501 5.58445501 5.58445454 5.58445406 5.58445358 5.58445263 5.58445168 5.58445024 5.58444881 5.58444643 5.58444405 5.58444023 5.58443594 5.58443022 5.58442307 5.58441353 5.58440113 5.58438587 5.58436584 5.5843401 5.58430672 5.5842638 5.58420801 5.58415079 5.58410072 5.58406401 5.58402491 5.58398056 5.5839324 5.58387852 5.58381891 5.58375311 5.58368015 5.58359909 5.58350849 5.58340836 5.5832963 5.58317137 5.58303213 5.58287621 5.58270121 5.58250523 5.58228445 5.58203602 5.58175516 5.58143806 5.58107853 5.58066988 5.58020496 5.57967472 5.57906866 5.57837439 5.57757711 5.57666111 5.57560635 5.57438993 5.57298565 5.57136297 5.56948757 5.56732035 5.56481552 5.56192875 5.55859661 5.55477047 5.55038404 5.54537487 5.53968096 5.53324127 5.5260005 5.5179162 5.50895548 5.49910355 5.4883709 5.47678328 5.46440077 5.45130253 5.43759584 5.42341137 5.40889883 5.3942256 5.37957382 5.36513615 5.35111427 5.33772326 5.32517385 5.31374502 5.30352306 5.29540396 5.28736734 5.28838778 5.26652765 5.34260178 5.06734276 6.0216527 7.47297859 4.62658787 5.33376026 5.53698349
5.58120441 5.58120441 5.58120441 5.58120441 5.58120441 5.58120441 5.58120441 5.58120441 5.58120441 5.58120441 5.58120441 5.58120441 5.58120441 5.58120441 5.58120441 5.58120441 5.58120441 5.58120441 5.58120441 5.58120441 5.58120441 5.58120441 5.58120441 5.58120441 5.58120441 5.58120441 5.58120441 5.58120441 5.58120441 5.58120441 5.58120441 5.58120441 5.58120441 5.58120441 5.58120441 5.58120441 5.58120441 5.58120441 5.58120441 5.58120441 5.58120441 5.58120441 5.58120441 5.58120441 5.58120441 5.58120441 5.58120394 5.58120394 5.58120394 5.58120394 5.58120394 5.58120394 5.58120346 5.58120346 5.58120298 5.58120298 5.58120251 5.58120203 5.58120108 5.58120012 5.58119917 5.58119726 5.58119535 5.58119297 5.58118963 5.58118582 5.58118057 5.58117342 5.58116484 5.58115339 5.58113861 5.58111954 5.58109522 5.58106327 5.58102989 5.58100033 5.58097935 5.58095598 5.58092976 5.58090115 5.5808692 5.58083344 5.58079338 5.58074903 5.58069944 5.58064365 5.58058119 5.58051157 5.58043289 5.5803442 5.58024406 5.58013058 5.58000278 5.57985735 5.57969141 5.57950306 5.57928753 5.57904053 5.57875776 5.57843208 5.57805777 5.57762527 5.57712507 5.57654619 5.57587481 5.57509518 5.57418919 5.57313395 5.57190704 5.57047749 5.56881428 5.56687927 5.56463003 5.56202316 5.55900383 5.5555191 5.55151033 5.54691887 5.54168034 5.53574276 5.52905035 5.52155972 5.51324558 5.50408173 5.4940877 5.48327589 5.47171068 5.45946407 5.44664145 5.43336964 5.4197998 5.4061017 5.39246368 5.37909031 5.36619902 5.35403013 5.34280872 5.33289719 5.32423067 5.31843376 5.31091976 5.32034254 5.27864885 5.44130659 5.21922636 4.32238054 6.70111513 5.55538273 5.25468206
5.58055115 5.58055115 5.58055115 5.58055115 5.58055115 5.58055115 5.58055115 5.58055115 5.58055115 5.58055115 5.58055115 5.58055115 5.58055115 5.58055115 5.58055115 5.58055115 5.58055115 5.58055115 5.58055115 5.58055115 5.58055115 5.58055115 5.58055115 5.58055115 5.58055115 5.58055115 5.58055115 5.58055115 5.58055115 5.58055115 5.58055115 5.58055115 5.58055115 5.58055115 5.58055115 5.58055115 5.58055115 5.58055115 5.58055115 5.58055115 5.58055115 5.58055115 5.58055115 5.58055115 5.58055115 5.58055115 5.58055115 5.58055115 5.58055115 5.58055115 5.58055115 5.58055115 5.58055067 5.58055067 5.58055067 5.58055067 5.58055019 5.58055019 5.58054972 5.58054924 5.58054876 5.58054781 5.58054733 5.5805459 5.58054447 5.58054256 5.58054018 5.58053732 5.58053303 5.58052778 5.58052063 5.58051205 5.58050013 5.58048487 5.58046818 5.5804534 5.58044291 5.58043098 5.58041763 5.58040285 5.58038616 5.58036709 5.58034658 5.58032179 5.58029461 5.58026409 5.58022881 5.58018923 5.58014393 5.58009195 5.58003235 5.57996416 5.57988596 5.57979536 5.57969093 5.57957029 5.57943058 5.57926798 5.57907915 5.57885885 5.57860184 5.57830143 5.57795 5.57753849 5.57705641 5.57648993 5.57582521 5.57504511 5.57412863 5.57305336 5.57179165 5.57031345 5.56858349 5.5665617 5.56420517 5.56146717 5.55829287 5.5546298 5.55042219 5.54560995 5.54014301 5.53396893 5.52704573 5.51934528 5.51085138 5.5015707 5.49152708 5.48077154 5.46938038 5.45745611 5.44512701 5.43254662 5.41989183 5.4073596 5.3951745 5.38355637 5.37283039 5.36302328 5.3553586 5.34667826 5.3502388 5.31806564 5.43067169 5.01573515 5.22875738 6.55005312 4.36885643 5.59861326 5.76420832
5.58270979 5.58270979 5.58270979 5.58271027 5.58270979 5.58271027 5.58270979 5.58271027 5.58270979 5.58270979 5.58271027 5.58270979 5.58271027 5.58270979 5.58271027 5.58270979 5.58271027 5.58270979 5.58270979 5.58271027 5.58270979 5.58270979 5.58270979 5.58270979 5.58270979 5.58270979 5.58271027 5.58270979 5.58270979 5.58270979 5.58270979 5.58270979 5.58270979 5.58270979 5.58270979 5.58270979 5.58271027 5.58270979 5.58270979 5.58271027 5.58270979 5.58271027 5.58270979 5.58271027 5.58270979 5.58270979 5.58270979 5.58270979 5.58270979 5.58270979 5.58270979 5.58270979 5.58270979 5.58270979 5.58270979 5.58270979 5.58270979 5.58270979 5.58270979 5.58270931 5.58270931 5.58270931 5.58270884 5.58270836 5.58270788 5.58270741 5.58270645 5.5827055 5.58270454 5.58270264 5.58270025 5.58269739 5.5826931 5.58268738 5.58268118 5.58267498 5.58267069 5.58266592 5.5826602 5.58265352 5.58264589 5.58263826 5.58262539 5.58261681 5.5826025 5.58258724 5.58256912 5.58254862 5.58252382 5.58249569 5.58246183 5.58242273 5.58237648 5.5823226 5.5822587 5.58218288 5.58209419 5.58198881 5.58186436 5.58171654 5.58154202 5.58133507 5.5810895 5.58079815 5.58045292 5.58004332 5.5795579 5.57898235 5.57830143 5.57749414 5.57654095 5.57541609 5.57408857 5.57253075 5.57070112 5.5685606 5.56606483 5.56316566 5.55980968 5.55595207 5.55152512 5.54648876 5.54079819 5.53441 5.52729702 5.51944637 5.51086378 5.50157547 5.49163198 5.48111057 5.47011518 5.45877838 5.44725704 5.43574333 5.42442608 5.41361809 5.40328264 5.39478731 5.38434553 5.38747597 5.34769058 5.47723246 4.98536396 6.82438898 5.03328514 5.18150377 5.80959797 5.27404737 5.33650112
5.58786249 5.58786297 5.58786249 5.58786249 5.58786249 5.58786249 5.58786249 5.58786249 5.58786249 5.58786297 5.58786249 5.58786249 5.58786249 5.58786249 5.58786249 5.58786249 5.58786249 5.58786249 5.58786249 5.58786249 5.58786249 5.58786249 5.58786249 5.58786249 5.58786249 5.58786249 5.58786249 5.58786249 5.58786249 5.58786249 5.58786249 5.58786249 5.58786249 5.58786249 5.58786249 5.58786249 5.58786249 5.58786249 5.58786297 5.58786249 5.58786249 5.58786249 5.58786249 5.58786249 5.58786249 5.58786249 5.58786249 5.58786249 5.58786249 5.58786249 5.58786249 5.58786249 5.58786249 5.58786249 5.58786249 5.58786249 5.58786249 5.58786249 5.58786249 5.58786249 5.58786249 5.58786249 5.58786249 5.58786249 5.58786249 5.58786249 5.58786249 5.58786249 5.58786249 5.58786201 5.58786154 5.58786106 5.58786011 5.58785915 5.58785677 5.58785486 5.58785343 5.58785152 5.58784962 5.58784676 5.58784437 5.5878377 5.58784342 5.58782768 5.58782387 5.58781528 5.58780622 5.58779478 5.58778095 5.58776426 5.58774471 5.58772087 5.58769226 5.58765793 5.58761692 5.58756733 5.58750772 5.58743668 5.58735085 5.58724833 5.58712482 5.58697748 5.58680058 5.58658838 5.58633471 5.58603239 5.58566999 5.58523846 5.58472347 5.58411074 5.58338261 5.58251858 5.58149529 5.58028555 5.57885981 5.57718372 5.57521915 5.57292557 5.57025766 5.56716776 5.56360579 5.55954313 5.55489063 5.54963827 5.54374743 5.53718996 5.52995682 5.5220561 5.51351643 5.50439119 5.49476099 5.4847331 5.47444487 5.46406174 5.45378256 5.44380569 5.43445635 5.42569208 5.41893435 5.41019678 5.41570711 5.37623453 5.51408052 5.00070238 5.57513952 5.42733908 4.58440495 5.94865417 5.47926283
5.59613705 5.59613705 5.59613705 5.59613705 5.59613705 5.59613705 5.59613705 5.59613705 5.59613705 5.59613705 5.59613705 5.59613705 5.59613705 5.59613705 5.59613705 5.59613705 5.59613705 5.59613705 5.59613705 5.59613705 5.59613705 5.59613705 5.59613705 5.59613705 5.59613705 5.59613705 5.59613705 5.59613705 5.59613705 5.59613705 5.59613705 5.59613705 5.59613705 5.59613705 5.59613705 5.59613705 5.59613705 5.59613705 5.59613705 5.59613705 5.59613705 5.59613705 5.59613705 5.59613705 5.59613705 5.59613705 5.59613705 5.59613705 5.59613705 5.59613705 5.59613705 5.59613705 5.59613705 5.59613705 5.59613705 5.59613705 5.59613705 5.59613705 5.59613705 5.59613705 5.59613705 5.59613705 5.59613705 5.59613705 5.59613705 5.59613705 5.59613705 5.59613705 5.59613705 5.59613705 5.59613657 5.59613657 5.59613609 5.59613466 5.59613371 5.59613228 5.59613132 5.59612989 5.59612846 5.59612656 5.59612417 5.59612226 5.59611607 5.59611464 5.59610891 5.59610319 5.59609604 5.59608746 5.59607744 5.59606457 5.59604979 5.59603119 5.59600925 5.59598303 5.59595108 5.59591293 5.59586716 5.59581137 5.59574509 5.59566498 5.59556913 5.59545422 5.59531593 5.59514999 5.59495258 5.59471369 5.59443092 5.59409094 5.59368658 5.59320402 5.59262991 5.59194803 5.59113932 5.59018135 5.58905125 5.58771896 5.58615446 5.58432293 5.58218527 5.57970381 5.57683182 5.57352448 5.56974554 5.56545019 5.56059694 5.555161 5.54912186 5.54247475 5.53523207 5.52742767 5.51911926 5.51039076 5.50135517 5.4921546 5.48295498 5.47396564 5.46537113 5.45754766 5.45025015 5.44561148 5.43691063 5.45044374 5.38919544 5.61620331 5.13707924 5.62274027 8.4426136 3.59765744 5.46815968
5.60757494 5.60757494 5.60757494 5.60757494 5.60757494 5.60757494 5.60757494 5.60757494 5.60757494 5.60757494 5.60757542 5.60757494 5.60757494 5.60757494 5.60757494 5.60757494 5.60757494 5.60757494 5.60757494 5.60757494 5.60757494 5.60757494 5.60757494 5.60757494 5.60757494 5.60757494 5.60757494 5.60757494 5.60757494 5.60757494 5.60757494 5.60757494 5.60757494 5.60757494 5.60757494 5.60757494 5.60757494 5.60757494 5.60757494 5.60757494 5.60757494 5.60757494 5.60757494 5.60757494 5.60757494 5.60757494 5.60757494 5.60757494 5.60757494 5.60757494 5.60757494 5.60757494 5.60757494 5.60757494 5.60757494 5.60757494 5.60757494 5.60757494 5.60757494 5.60757494 5.60757494 5.60757446 5.60757446 5.60757446 5.60757399 5.60757399 5.60757351 5.60757351 5.60757256 5.6075716 5.60757065 5.60756922 5.60756683 5.60756445 5.60756111 5.60755825 5.60755634 5.60755396 5.6075511 5.60754871 5.60754442 5.60754013 5.60753584 5.60752964 5.60752344 5.60751581 5.60750723 5.60749674 5.60748482 5.60747051 5.6074543 5.60743523 5.60741234 5.60738564 5.60735416 5.60731697 5.6072731 5.60722113 5.60715914 5.60708618 5.60699987 5.60689688 5.60677528 5.6066308 5.60645866 5.60625601 5.6060133 5.60572672 5.60538626 5.60498285 5.60450602 5.60393953 5.60327196 5.60248375 5.60155535 5.60046387 5.59918356 5.59768534 5.59593916 5.59390879 5.59155941 5.58885098 5.58575249 5.5822053 5.57819748 5.57368469 5.56864834 5.56307459 5.55696487 5.55033684 5.54322958 5.53570604 5.52785063 5.51978588 5.51165056 5.50360155 5.49588823 5.48851156 5.48249197 5.47510099 5.47762442 5.44901943 5.54344225 5.18638039 6.43738222 5.09280825 4.71429777 6.01983404 5.49648905
5.62208748 5.62208748 5.62208748 5.62208748 5.62208748 5.62208748 5.62208748 5.62208796 5.62208748 5.62208796 5.62208652 5.62208796 5.62208748 5.62208748 5.62208748 5.62208748 5.62208748 5.62208748 5.62208748 5.62208748 5.62208748 5.62208748 5.62208748 5.62208748 5.62208748 5.62208748 5.62208748 5.62208748 5.62208748 5.62208748 5.62208748 5.62208748 5.62208748 5.62208748 5.62208748 5.62208748 5.62208748 5.62208748 5.62208748 5.62208748 5.62208748 5.62208748 5.62208748 5.62208748 5.62208748 5.62208748 5.62208748 5.62208748 5.62208748 5.62208748 5.62208748 5.62208748 5.62208748 5.62208748 5.62208748 5.62208748 5.62208748 5.622087 5.622087 5.622087 5.62208652 5.62208652 5.62208605 5.62208557 5.62208509 5.62208414 5.62208319 5.62208176 5.62208033 5.62207842 5.62207556 5.62207174 5.62206745 5.62206078 5.62205458 5.62204885 5.62204504 5.62203979 5.6220355 5.6220274 5.62202311 5.62201548 5.62200689 5.62199783 5.62198734 5.62197638 5.62196159 5.62194777 5.6219306 5.62191153 5.62188911 5.62186432 5.62183523 5.62180233 5.62176418 5.62172079 5.62167025 5.62161207 5.62154484 5.62146664 5.62137604 5.62127066 5.62114811 5.62100506 5.62083769 5.62064266 5.62041378 5.62014723 5.61983395 5.61946678 5.61903763 5.61853456 5.61794519 5.61725616 5.61644983 5.61550903 5.61441135 5.61313391 5.61165094 5.60993338 5.60795069 5.60567141 5.60305882 5.60008574 5.59671116 5.59291458 5.58866501 5.58395004 5.57876062 5.5731082 5.56701422 5.56052017 5.55370665 5.54663324 5.53944063 5.53226519 5.52523184 5.51866293 5.51222277 5.50808573 5.4990797 5.51289034 5.44702387 5.68473625 4.77687454 6.09262705 6.09447384 5.00471163 5.51239109
5.63939667 5.63939667 5.63939667 5.63939667 5.63939667 5.63939667 5.63939667 5.63939667 5.63939667 5.63939667 5.63939714 5.63939667 5.63939667 5.63939667 5.63939667 5.63939667 5.63939667 5.63939667 5.63939667 5.63939667 5.63939667 5.63939667 5.63939667 5.63939667 5.63939667 5.63939667 5.63939667 5.63939667 5.63939667 5.63939667 5.63939667 5.63939667 5.63939667 5.63939667 5.63939667 5.63939667 5.63939667 5.63939667 5.63939667 5.63939667 5.63939667 5.63939667 5.63939667 5.63939667 5.63939667 5.63939667 5.63939667 5.63939667 5.63939667 5.63939667 5.63939667 5.63939667 5.63939619 5.63939667 5.63939571 5.63939619 5.63939619 5.63939571 5.63939571 5.63939524 5.63939476 5.63939428 5.63939333 5.63939285 5.63939142 5.63938999 5.63938808 5.6393857 5.63938284 5.63937902 5.63937378 5.6393671 5.63935804 5.63934755 5.63933611 5.6393261 5.63931847 5.63931131 5.63930035 5.63929939 5.63927984 5.63927031 5.639256 5.6392417 5.63922548 5.63920593 5.63919067 5.63916302 5.6391387 5.63911009 5.63907862 5.63904285 5.63900328 5.63895798 5.63890743 5.63885069 5.63878584 5.63871288 5.63862991 5.63853598 5.63842916 5.63830662 5.63816786 5.63800812 5.63782549 5.63761568 5.63737535 5.63709831 5.63677931 5.63641167 5.63598776 5.63549757 5.63493204 5.6342783 5.63352442 5.63265181 5.63164616 5.63048649 5.62915182 5.62761784 5.62586021 5.62384987 5.6215601 5.61896038 5.61602974 5.61272478 5.60904074 5.60494947 5.60045052 5.59553051 5.59021616 5.58453131 5.57852221 5.57225513 5.56583118 5.5593276 5.55295229 5.54658079 5.5413723 5.53375721 5.53783226 5.50173903 5.61968851 5.16718531 7.01051712 5.127141 4.77051115 6.36263657 5.52715588
5.65896702 5.65896702 5.65896702 5.65896702 5.65896702 5.65896702 5.65896702 5.65896702 5.65896702 5.65896702 5.65896702 5.65896702 5.65896702 5.65896702 5.65896702 5.65896702 5.65896702 5.65896702 5.65896702 5.65896702 5.65896702 5.65896702 5.65896702 5.65896702 5.65896702 5.65896749 5.65896702 5.65896749 5.65896702 5.65896702 5.65896702 5.65896702 5.65896702 5.65896702 5.65896702 5.65896702 5.65896702 5.65896702 5.65896702 5.65896702 5.65896702 5.65896702 5.65896702 5.65896749 5.65896702 5.65896702 5.65896702 5.65896702 5.65896702 5.65896702 5.65896702 5.65896702 5.65896702 5.65896654 5.65896654 5.65896606 5.65896606 5.65896559 5.65896511 5.65896463 5.65896416 5.6589632 5.65896225 5.65896082 5.65895891 5.65895653 5.65895319 5.65894938 5.65894461 5.65893793 5.65892982 5.65891838 5.65890646 5.65888691 5.65886927 5.65885353 5.65884161 5.65882921 5.65881586 5.65879869 5.65878391 5.65876484 5.65874481 5.65872192 5.65869713 5.65866995 5.65863848 5.65860605 5.65856838 5.6585269 5.65848112 5.6584301 5.65837383 5.65831089 5.6582408 5.65816259 5.65807581 5.65797853 5.65786982 5.65774822 5.65761185 5.65745831 5.65728617 5.65709257 5.65687418 5.65662766 5.65634918 5.65603399 5.65567684 5.65527201 5.65481186 5.6542902 5.65369558 5.65301991 5.65224743 5.65137339 5.65037441 5.64923906 5.64794683 5.64647913 5.64481401 5.64292908 5.64080048 5.63840342 5.63571215 5.63270855 5.6293664 5.62567234 5.62161303 5.61718798 5.61240149 5.60727406 5.60183191 5.59614897 5.59023809 5.58422327 5.5782361 5.57216787 5.56699514 5.5596571 5.5621891 5.53026104 5.62984514 5.24277163 6.04717445 6.66789579 7.60938025 4.07142496 5.54535866
5.67994547 5.67994547 5.67994499 5.67994547 5.67994547 5.67994547 5.67994547 5.67994547 5.67994547 5.67994547 5.67994547 5.67994547 5.67994547 5.67994547 5.67994547 5.67994547 5.67994547 5.67994547 5.67994547 5.67994547 5.67994547 5.67994547 5.67994547 5.67994547 5.67994547 5.67994547 5.67994547 5.67994547 5.67994547 5.67994547 5.67994547 5.67994547 5.67994547 5.67994547 5.67994547 5.67994547 5.67994547 5.67994547 5.67994547 5.67994547 5.67994547 5.67994547 5.67994547 5.67994499 5.67994547 5.67994499 5.67994499 5.67994499 5.67994499 5.67994499 5.67994499 5.67994499 5.67994452 5.67994452 5.67994404 5.67994404 5.67994356 5.67994308 5.67994261 5.67994165 5.6799407 5.67993927 5.67993784 5.67993546 5.67993259 5.67992926 5.67992449 5.67991877 5.67991114 5.6799016 5.67988873 5.67987299 5.67985201 5.67982578 5.67979908 5.67977524 5.67975855 5.67973995 5.67971945 5.67969799 5.67967319 5.67964602 5.67961597 5.67958355 5.67954731 5.67950773 5.67946386 5.67941523 5.6793623 5.67930365 5.6792388 5.67916727 5.67908812 5.67900085 5.67890453 5.67879772 5.67867947 5.67854834 5.67840338 5.67824221 5.67806339 5.67786503 5.67764378 5.67739773 5.67712402 5.67681837 5.67647743 5.67609692 5.6756711 5.67519426 5.67466307 5.67406273 5.67339373 5.67263842 5.67180395 5.67084599 5.66978359 5.66858721 5.66724539 5.66574001 5.66405296 5.66216564 5.66005659 5.65770626 5.65509415 5.65219975 5.64900494 5.64549541 5.64165926 5.63749313 5.6329937 5.62817955 5.62306738 5.61768866 5.61209822 5.606359 5.60049009 5.59480095 5.58853674 5.58496284 5.57235479 5.59491587 5.48807096 5.86323261 6.79329395 4.84192276 5.52927971 5.66329956 5.53600216
5.70113564 5.70113564 5.70113564 5.70113564 5.70113564 5.70113564 5.70113564 5.70113564 5.70113564 5.70113564 5.70113564 5.70113564 5.70113564 5.70113564 5.70113564 5.70113564 5.70113564 5.70113564 5.70113564 5.70113564 5.70113564 5.70113564 5.70113564 5.70113564 5.70113564 5.70113564 5.70113564 5.70113564 5.70113564 5.70113564 5.70113564 5.70113564 5.70113564 5.70113564 5.70113564 5.70113564 5.70113564 5.70113564 5.70113564 5.70113564 5.70113564 5.70113564 5.70113564 5.70113564 5.70113564 5.70113564 5.70113564 5.70113564 5.70113516 5.70113516 5.70113516 5.70113516 5.70113468 5.70113468 5.7011342 5.70113373 5.70113325 5.70113277 5.70113182 5.70113039 5.70112896 5.70112753 5.70112514 5.70112181 5.70111799 5.70111322 5.70110655 5.70109844 5.70108795 5.70107412 5.70105696 5.70103455 5.70100594 5.70096874 5.70093107 5.70089817 5.70087481 5.70084953 5.7008214 5.70079041 5.70075607 5.70071888 5.70067787 5.70063257 5.70058298 5.70052862 5.70046806 5.70040321 5.70032978 5.70025015 5.70016193 5.70006514 5.6999588 5.6998415 5.69971228 5.6995697 5.69941282 5.69923973 5.699049 5.69883871 5.69860601 5.69834948 5.69806623 5.69775295 5.69740677 5.69702387 5.69659996 5.69613075 5.69561052 5.69503689 5.69438982 5.6936903 5.69290257 5.69203281 5.69106293 5.68999195 5.68879986 5.68747807 5.68601179 5.68438673 5.68258667 5.68059492 5.67839432 5.67596769 5.67329693 5.67036581 5.6671586 5.66366148 5.65986443 5.65575981 5.65135479 5.64663935 5.64164305 5.6363821 5.63089037 5.62520361 5.61940861 5.61343384 5.60784626 5.6008544 5.59948254 5.57784271 5.6328845 5.41461897 5.56160784 5.63793707 5.86651134 5.31871653 5.61806822
5.7210741 5.7210741 5.7210741 5.7210741 5.7210741 5.7210741 5.7210741 5.7210741 5.7210741 5.7210741 5.7210741 5.7210741 5.7210741 5.7210741 5.7210741 5.7210741 5.7210741 5.7210741 5.7210741 5.7210741 5.7210741 5.7210741 5.7210741 5.7210741 5.7210741 5.7210741 5.7210741 5.7210741 5.7210741 5.7210741 5.7210741 5.7210741 5.7210741 5.7210741 5.7210741 5.7210741 5.7210741 5.7210741 5.7210741 5.7210741 5.7210741 5.7210741 5.7210741 5.7210741 5.7210741 5.7210741 5.72107363 5.72107363 5.72107363 5.72107363 5.72107363 5.72107315 5.72107315 5.72107267 5.7210722 5.72107172 5.72107077 5.72106981 5.72106886 5.72106743 5.72106552 5.72106314 5.7210598 5.72105598 5.72105074 5.72104406 5.72103596 5.72102499 5.72101116 5.72099304 5.72097015 5.72094107 5.7209034 5.72085524 5.72080612 5.72076273 5.72073221 5.72069883 5.72066212 5.72062159 5.72057724 5.7205286 5.72047472 5.72041607 5.7203517 5.72028065 5.7202034 5.72011471 5.72002363 5.7199192 5.71980619 5.71968126 5.71954441 5.71939373 5.71922827 5.71904612 5.71884632 5.71862602 5.71838427 5.71811867 5.71782589 5.71750402 5.71715021 5.71676111 5.71633244 5.71586132 5.71534252 5.71477079 5.71414423 5.71344376 5.71271372 5.71184301 5.71092796 5.70990896 5.70879126 5.70755959 5.70620537 5.70471621 5.70308018 5.70128298 5.69931173 5.69715166 5.69478703 5.69220304 5.68938541 5.68631887 5.68299055 5.67938662 5.67550325 5.67132854 5.66686153 5.66210938 5.65707541 5.65177774 5.6462388 5.64048672 5.63456249 5.62849998 5.62238455 5.61613417 5.61030483 5.60310555 5.60132647 5.53656149 5.98079824 5.41780758 5.78451204 5.57252407 5.54307556
5.73824596 5.73824596 5.73824596 5.73824596 5.73824596 5.73824596 5.73824596 5.73824596 5.73824596 5.73824596 5.73824596 5.73824596 5.73824596 5.73824596 5.73824596 5.73824596 5.73824596 5.73824596 5.73824596 5.73824596 5.73824596 5.73824596 5.73824596 5.73824596 5.73824596 5.73824596 5.73824596 5.73824596 5.73824596 5.73824596 5.73824596 5.73824596 5.73824596 5.73824596 5.73824549 5.73824596 5.73824596 5.73824596 5.73824596 5.73824596 5.73824596 5.73824596 5.73824501 5.73824596 5.73824596 5.73824596 5.73824596 5.73824549 5.73824549 5.73824549 5.73824501 5.73824501 5.73824453 5.73824406 5.73824358 5.7382431 5.73824215 5.7382412 5.73823977 5.73823786 5.73823547 5.73823261 5.7382288 5.73822355 5.73821735 5.73820925 5.73819876 5.73818541 5.73816824 5.73814631 5.73811817 5.73808193 5.7380352 5.7379756 5.73791552 5.73786211 5.73782444 5.73778343 5.73773813 5.73768806 5.73763371 5.73757362 5.73750782 5.73743582 5.73735666 5.73727036 5.73717165 5.73707867 5.73695135 5.73682976 5.73668861 5.73653698 5.73636961 5.7361865 5.7359848 5.73576403 5.73552132 5.73525524 5.73496294 5.73464251 5.7342906 5.73390484 5.73348093 5.73301601 5.7325058 5.73194647 5.73133326 5.73066044 5.72992229 5.72911549 5.72822094 5.72725773 5.726192 5.72502851 5.72375345 5.72236013 5.72083521 5.71917057 5.71735334 5.71537113 5.71321201 5.71086121 5.7083087 5.70553827 5.70253801 5.69929552 5.69579792 5.6920433 5.68800259 5.68369246 5.67910099 5.67422628 5.6690793 5.6636672 5.65800762 5.65211391 5.64604187 5.63971424 5.63357258 5.62614346 5.62309647 5.60346603 5.6456933 5.61912775 5.41273785 5.66622448 5.47622108 5.70114183 5.59881067
5.751441 5.751441 5.751441 5.751441 5.751441 5.751441 5.751441 5.751441 5.751441 5.751441 5.751441 5.751441 5.751441 5.751441 5.751441 5.751441 5.751441 5.751441 5.751441 5.751441 5.751441 5.751441 5.751441 5.751441 5.751441 5.751441 5.751441 5.75144053 5.75144148 5.75144053 5.751441 5.751441 5.751441 5.75144053 5.75144196 5.75144053 5.751441 5.751441 5.751441 5.751441 5.75144053 5.75144053 5.751441 5.75144053 5.75144053 5.75144053 5.75144053 5.75144053 5.75144005 5.75144005 5.75144005 5.75143957 5.75143909 5.75143862 5.75143814 5.75143719 5.75143623 5.7514348 5.75143337 5.75143099 5.7514286 5.75142479 5.7514205 5.75141478 5.75140762 5.75139809 5.75138569 5.75137043 5.7513504 5.75132465 5.75129223 5.75124979 5.75119591 5.75112677 5.75105667 5.75099516 5.75095129 5.75090361 5.75085115 5.75079346 5.75073004 5.7506609 5.7505846 5.75050116 5.75040913 5.75030851 5.75019884 5.75007391 5.74994564 5.74979401 5.74963903 5.74946213 5.74926949 5.74905825 5.7488265 5.74857187 5.7482934 5.74798775 5.74765301 5.74728584 5.74688339 5.74644136 5.74595928 5.74542952 5.74485111 5.74421597 5.74352217 5.74276209 5.74193144 5.74102306 5.7400322 5.73894739 5.73776388 5.73647165 5.73506355 5.73352909 5.73185921 5.7300415 5.72806692 5.72592306 5.72359753 5.72108364 5.71835852 5.7154212 5.71225452 5.70884943 5.70519114 5.70127535 5.69710112 5.69264698 5.68792248 5.68292284 5.6776495 5.67211485 5.66631842 5.66030836 5.65398407 5.64781284 5.6401639 5.63724613 5.61603117 5.66259003 5.455832 5.58970261 5.92608404 5.46088791 5.68516588 5.50088787 5.57620955
5.76010513 5.76010513 5.76010466 5.76010513 5.76010513 5.76010513 5.76010513 5.76010466 5.76010513 5.76010513 5.76010513 5.76010513 5.76010513 5.76010513 5.76010513 5.76010513 5.76010513 5.76010513 5.76010513 5.76010513 5.76010513 5.76010513 5.76010513 5.76010513 5.76010513 5.76010466 5.76010513 5.76010466 5.76010656 5.76010418 5.76010513 5.76010418 5.76010561 5.76010466 5.76010466 5.76010513 5.76010466 5.76010466 5.76010466 5.76010466 5.76010466 5.76010466 5.76010466 5.76010466 5.76010466 5.76010466 5.76010466 5.76010466 5.76010418 5.76010418 5.7601037 5.7601037 5.76010323 5.76010275 5.7601018 5.76010084 5.76009989 5.76009846 5.76009655 5.76009417 5.7600913 5.76008749 5.76008272 5.76007605 5.76006794 5.76005793 5.76004457 5.76002741 5.76000547 5.75997734 5.75994158 5.75989532 5.7598362 5.7597599 5.75968313 5.75961542 5.75956726 5.75951481 5.75945711 5.75939417 5.75932455 5.75924873 5.75916529 5.75907278 5.75897264 5.7588625 5.7587409 5.75861025 5.75845861 5.75831747 5.75812387 5.75793648 5.75772429 5.7574935 5.7572403 5.75696278 5.75665808 5.75632477 5.75595951 5.75555944 5.75512028 5.75464535 5.75411558 5.7535429 5.75291348 5.75222731 5.75147581 5.75065565 5.74975967 5.7487812 5.74771595 5.74654531 5.74528503 5.74390364 5.74240255 5.74077082 5.73899651 5.73707533 5.7349906 5.73273516 5.73029613 5.72766209 5.72482443 5.72176933 5.71848822 5.7149663 5.71121359 5.70719481 5.7028966 5.69835663 5.69353151 5.68843889 5.68308163 5.67744446 5.67158127 5.6653614 5.65930748 5.65154791 5.64913464 5.62585497 5.67962074 5.4451499 6.28580475 5.36955786 5.55080748 5.75350189 5.4724803 5.62962484 5.58905268
5.76448822 5.76448822 5.76448822 5.76448822 5.76448822 5.76448822 5.76448822 5.76448822 5.76448822 5.76448822 5.76448822 5.76448822 5.76448822 5.76448822 5.76448822 5.76448822 5.76448822 5.76448822 5.76448822 5.76448822 5.76448822 5.76448822 5.76448822 5.76448822 5.76448822 5.76448822 5.76448822 5.7644887 5.76448774 5.7644887 5.76448774 5.76449013 5.76448774 5.7644887 5.76448822 5.76448822 5.76448822 5.76448822 5.76448822 5.76448822 5.76448822 5.76448822 5.76448822 5.76448822 5.76448822 5.76448774 5.76448822 5.76448727 5.76448774 5.76448679 5.76448727 5.76448631 5.76448631 5.76448584 5.76448536 5.76448441 5.76448298 5.76448154 5.76447964 5.76447725 5.76447392 5.7644701 5.76446486 5.76445818 5.7644496 5.76443911 5.7644248 5.76440716 5.76438427 5.76435471 5.76431704 5.7642684 5.76420641 5.76412678 5.76404619 5.76397467 5.76392508 5.76386976 5.7638092 5.76374292 5.76367044 5.76359081 5.7635026 5.76340866 5.76330137 5.76318598 5.76305962 5.76291943 5.76276875 5.76259613 5.76241779 5.76221514 5.76199532 5.76175356 5.76148844 5.76119804 5.76087999 5.7605319 5.76015043 5.75973272 5.75927925 5.75877333 5.7582283 5.75762892 5.75697517 5.75625992 5.75547934 5.75462627 5.75369596 5.75268316 5.75157022 5.75039387 5.74905539 5.7476368 5.74608612 5.74440289 5.74258614 5.74060345 5.73846579 5.73615408 5.73365927 5.73097038 5.72807646 5.724967 5.721632 5.71806288 5.71424437 5.71017885 5.70585537 5.70126295 5.69640064 5.69127464 5.68587255 5.68020535 5.67425823 5.66811895 5.66149473 5.65550756 5.64605999 5.64847755 5.6056776 5.73067808 5.22868824 6.06125927 5.45642519 5.71148252 5.51448536 5.62814045 5.53561306
5.76548481 5.76548433 5.76548433 5.76548433 5.76548433 5.76548433 5.76548433 5.76548386 5.76548433 5.76548433 5.76548433 5.76548433 5.76548433 5.76548433 5.76548433 5.76548433 5.76548433 5.76548433 5.76548433 5.76548433 5.76548433 5.76548433 5.76548433 5.76548433 5.76548433 5.76548433 5.76548433 5.76548433 5.76548433 5.76548433 5.76548433 5.76548386 5.76548433 5.76548386 5.76548433 5.76548433 5.76548433 5.76548433 5.76548433 5.76548433 5.76548433 5.76548433 5.76548433 5.76548433 5.76548386 5.76548386 5.76548338 5.76548529 5.7654829 5.76548576 5.76548243 5.76548386 5.76548195 5.76548195 5.765481 5.76548004 5.76547909 5.76547766 5.76547527 5.76547337 5.76547003 5.76546574 5.76546049 5.76545382 5.76544523 5.76543427 5.76541996 5.76540184 5.76537848 5.76534891 5.76531029 5.76526117 5.76519871 5.76511812 5.76503611 5.7649641 5.76491308 5.76485729 5.76479626 5.76472902 5.76465511 5.76457453 5.76448536 5.76438808 5.76428175 5.76416445 5.76403618 5.76389503 5.76374006 5.76357222 5.7633853 5.76318169 5.76295805 5.76271343 5.76244545 5.76215172 5.76182985 5.76147699 5.76109123 5.76066828 5.76020527 5.7597003 5.75914669 5.75854206 5.75788069 5.75715876 5.75636959 5.75551033 5.75457001 5.75354624 5.75243282 5.75121164 5.749897 5.74846125 5.74690199 5.74521065 5.74337435 5.74139118 5.73924303 5.73692417 5.73442221 5.73172712 5.72882891 5.72571611 5.72238016 5.71880913 5.71500063 5.71093082 5.70661592 5.70202875 5.69719172 5.6920495 5.68664932 5.68098068 5.67505741 5.66877222 5.66256905 5.65488958 5.65147448 5.63103437 5.67295837 5.4812746 6.16012001 5.35189629 5.74311209 5.64731312 5.51628113 5.53179026 5.67754602
5.76427984 5.76427984 5.76427984 5.76427984 5.76427984 5.76428032 5.76427937 5.76428127 5.76427984 5.76427984 5.76427984 5.76427937 5.76428032 5.76427984 5.76427984 5.76427984 5.76427984 5.76427984 5.76427984 5.76427984 5.76427984 5.76427984 5.76427984 5.76427984 5.76427984 5.76428032 5.76427984 5.76427984 5.76427984 5.76427984 5.76427984 5.76428032 5.76427984 5.7642808 5.76427984 5.76427984 5.76427984 5.76427984 5.76427984 5.76427984 5.76427984 5.76427984 5.76427984 5.76427984 5.76427984 5.76427984 5.76427984 5.76427841 5.76427937 5.76427841 5.76427889 5.76427794 5.76427794 5.76427746 5.7642765 5.7642765 5.7642746 5.76427317 5.76427126 5.76426888 5.76426554 5.76426172 5.76425648 5.7642498 5.76424122 5.76423025 5.76421595 5.7641983 5.76417494 5.76414537 5.76410723 5.76405907 5.76399565 5.76391554 5.76383448 5.76376295 5.76371241 5.76365709 5.76359653 5.76352978 5.76345634 5.76337528 5.76328945 5.76319122 5.76308537 5.76296902 5.76284122 5.76270151 5.76254797 5.76237917 5.76219463 5.76199293 5.7617712 5.76152802 5.76126146 5.76096964 5.76064968 5.76030016 5.75991678 5.75949717 5.75903797 5.75853682 5.75798655 5.75738573 5.75673008 5.75601292 5.75523043 5.75437593 5.75344372 5.75242901 5.75132227 5.75011826 5.7488122 5.74738407 5.74583769 5.7441597 5.74234247 5.74037266 5.73824549 5.73594427 5.73346472 5.730793 5.72791958 5.72483444 5.72152567 5.71798992 5.71419859 5.71019411 5.70588303 5.70133686 5.69651127 5.69141245 5.68607044 5.68038607 5.67445135 5.66828918 5.66171932 5.65516806 5.64748907 5.64265108 5.62625504 5.65107965 5.5219388 5.77733803 5.16479445 5.74942017 5.58500671 5.8355732 5.16141844
5.76203585 5.76203585 5.76203585 5.76203585 5.76203585 5.76203585 5.76203585 5.76203537 5.76203585 5.76203585 5.76203537 5.76203728 5.76203442 5.76203632 5.76203585 5.76203585 5.76203585 5.76203585 5.76203585 5.76203585 5.76203585 5.76203585 5.76203585 5.76203585 5.76203585 5.76203585 5.76203585 5.76203585 5.76203585 5.76203585 5.76203585 5.76203585 5.76203585 5.76203537 5.76203585 5.76203585 5.76203585 5.76203632 5.76203537 5.76203632 5.76203585 5.76203585 5.76203585 5.76203537 5.76203585 5.76203489 5.76203489 5.7620368 5.76203442 5.76203537 5.76203442 5.76203442 5.76203394 5.76203346 5.76203251 5.76203203 5.7620306 5.76202917 5.76202726 5.76202488 5.76202154 5.76201773 5.76201248 5.76200581 5.7619977 5.76198673 5.7619729 5.76195526 5.76193237 5.76190329 5.76186562 5.76181746 5.76175547 5.76167774 5.76159668 5.76152611 5.76147699 5.76142168 5.76136208 5.76129627 5.76122379 5.76114559 5.76105738 5.76096296 5.76085806 5.76074266 5.76061821 5.76047945 5.76032925 5.76016188 5.75998259 5.75978088 5.75956249 5.75932264 5.75906038 5.75877285 5.75845861 5.75811243 5.75773478 5.7573204 5.75686932 5.75636864 5.7558322 5.75523996 5.75459194 5.75388527 5.75311327 5.75227022 5.75135422 5.75034952 5.74925852 5.74807119 5.74677706 5.74537277 5.74384689 5.74219179 5.74039602 5.73845339 5.73635006 5.73407984 5.73162937 5.7289896 5.72614908 5.7230978 5.71982765 5.7163167 5.71259022 5.70857716 5.70433426 5.69981384 5.69502449 5.68995523 5.6845994 5.67895889 5.67308187 5.66667938 5.66083431 5.6516881 5.65343475 5.61287689 5.72829723 5.2627492 6.96002817 4.8192091 7.18648815 5.32795858 5.33366013 4.67840433 7.0425787
5.75973225 5.75973225 5.75973225 5.75973225 5.75973225 5.75973225 5.75973225 5.75973177 5.75973225 5.75973177 5.75973272 5.75973082 5.75973606 5.75973129 5.75973225 5.75973177 5.75973225 5.75973177 5.75973225 5.75973177 5.75973272 5.75973225 5.75973225 5.75973225 5.75973225 5.75973225 5.75973177 5.75973225 5.75973177 5.75973225 5.75973177 5.75973225 5.75973177 5.75973225 5.75973225 5.75973177 5.75973225 5.75973034 5.75973272 5.75973034 5.75973225 5.75973177 5.75973177 5.75973177 5.75973082 5.75973415 5.75973082 5.75973129 5.75973129 5.75973129 5.75973082 5.75973034 5.75973034 5.75972939 5.75972891 5.75972795 5.759727 5.75972557 5.75972366 5.75972033 5.7597208 5.75971317 5.75970888 5.75970411 5.75969362 5.75968361 5.75966978 5.75965214 5.75962973 5.75960112 5.75956392 5.75951576 5.7594552 5.75938034 5.75929785 5.75922918 5.75917816 5.75912619 5.75906658 5.75900126 5.75893068 5.7588501 5.75876665 5.75867176 5.75856829 5.75845814 5.75833035 5.75819492 5.75804567 5.75788069 5.75770521 5.75750399 5.75728989 5.75705242 5.75679302 5.7565074 5.75619698 5.75585604 5.7554822 5.75507545 5.75462151 5.75415659 5.75359678 5.7530179 5.75237608 5.75167799 5.75091505 5.75008202 5.74917316 5.7481823 5.74710464 5.74592829 5.74464989 5.74326086 5.74175072 5.74010992 5.73833513 5.73640823 5.73432827 5.73207664 5.72964811 5.72703123 5.72421408 5.72118711 5.71793461 5.71447039 5.71073055 5.70676804 5.70253325 5.69803333 5.6932559 5.68820047 5.6828537 5.67721558 5.67126894 5.66509628 5.65845251 5.65179157 5.64401674 5.63983822 5.6231904 5.64193249 5.54232883 5.49984217 6.80840445 4.4966116 8.2079792 6.39260054 6.55623627
5.75818253 5.75818253 5.75818253 5.75818253 5.75818253 5.75818253 5.75818253 5.758183 5.75818253 5.75818253 5.75818253 5.758183 5.75818205 5.75818205 5.75818253 5.75818253 5.75818157 5.758183 5.75818253 5.75818253 5.75818253 5.75818253 5.75818253 5.75818253 5.75818253 5.75818253 5.75818348 5.75818205 5.75818443 5.75818157 5.75818443 5.75818253 5.75818253 5.75818253 5.75818253 5.758183 5.7581811 5.75818872 5.75817966 5.75818825 5.7581811 5.758183 5.75818205 5.75818253 5.75818253 5.75818157 5.75818253 5.75818205 5.75818205 5.75818157 5.75818157 5.7581811 5.75818062 5.75818014 5.75817919 5.75817919 5.75817776 5.7581749 5.75817442 5.75817204 5.75816727 5.75816679 5.75815964 5.75815296 5.75814486 5.75813484 5.75812054 5.75810337 5.75808144 5.75805187 5.7580142 5.75797081 5.75790644 5.75782871 5.75775146 5.75767946 5.7576375 5.75757694 5.75751972 5.75745487 5.75738144 5.75731325 5.75721788 5.75712681 5.75702333 5.75690985 5.75678682 5.75665045 5.75650167 5.75633812 5.75615835 5.7559638 5.75574303 5.75551319 5.75525188 5.75497341 5.7546587 5.75432014 5.75394726 5.75353956 5.75309515 5.75260115 5.75207376 5.75148821 5.75085354 5.7501545 5.74939346 5.74856329 5.74765682 5.74667168 5.74558783 5.74442101 5.74314642 5.74175358 5.74025345 5.73861647 5.73684311 5.73492384 5.73283958 5.73059845 5.72817326 5.72555828 5.72274208 5.71971941 5.71647453 5.7129817 5.70927906 5.70529222 5.701056 5.69654846 5.69176531 5.68668795 5.68132448 5.67566109 5.66970778 5.6633482 5.65710592 5.64931774 5.64557648 5.62191677 5.66262197 5.49700499 6.04387999 5.30179977 6.43335485 6.79608917 6.09098625 6.63671923 6.70949793
5.75814867 5.75814724 5.75814772 5.75814772 5.75814772 5.75814772 5.75814819 5.75814724 5.75814772 5.75814772 5.75814819 5.75814772 5.75814629 5.7581501 5.75814724 5.75814724 5.75815105 5.75814676 5.75814819 5.75814772 5.75814772 5.75814819 5.75814772 5.75814772 5.75814772 5.75814819 5.75814533 5.75814772 5.7581501 5.75814676 5.75814772 5.75814629 5.75814819 5.75814772 5.75814772 5.75814772 5.75814724 5.75814581 5.75814867 5.75814581 5.75814819 5.75814724 5.75814819 5.75814724 5.75814724 5.75814819 5.75814724 5.75814724 5.75814676 5.75814676 5.75814629 5.75814629 5.75814581 5.75814486 5.75814533 5.75814199 5.75814152 5.75814629 5.7581377 5.75813675 5.75813389 5.75813007 5.75812387 5.75811911 5.75810957 5.75809908 5.75808525 5.75806761 5.75804472 5.75801563 5.75797844 5.75793076 5.75786972 5.75778961 5.75771141 5.75764132 5.75759125 5.75753832 5.75747776 5.75741243 5.75734091 5.75726032 5.75717688 5.75708055 5.75697756 5.75686312 5.75673819 5.75660133 5.75645065 5.7562871 5.75610542 5.7559042 5.75570631 5.75544643 5.7551918 5.75490284 5.75459146 5.75424671 5.75387239 5.75346041 5.7530117 5.75251913 5.75197983 5.75139046 5.75074625 5.75004387 5.74927616 5.74843693 5.74752569 5.74651718 5.74545956 5.7442565 5.7429657 5.74159098 5.74004698 5.73840332 5.73661518 5.73467207 5.73259783 5.73031044 5.72786999 5.72523165 5.72240257 5.71934414 5.71606922 5.71258497 5.70880699 5.70480967 5.70054436 5.69600105 5.69116879 5.68607426 5.68067455 5.67496967 5.66899967 5.66281843 5.65573502 5.64982271 5.6385417 5.65892458 5.59163523 5.71908665 5.32873583 5.17017126 6.6157012 6.19066525 6.69270611 6.58650923 6.68787098
5.76047087 5.76047134 5.76047087 5.76047182 5.76047134 5.7604723 5.76046896 5.7604723 5.76047039 5.76047182 5.76047039 5.76047087 5.76047611 5.76046944 5.76047182 5.76047134 5.76047039 5.76047134 5.76047134 5.76047134 5.76047134 5.76047182 5.76047134 5.76047134 5.76047277 5.76046896 5.7604804 5.76046944 5.76047087 5.76047182 5.76047039 5.76047611 5.76046944 5.76047182 5.76047134 5.76047039 5.76047468 5.76047134 5.76047087 5.76047182 5.76047087 5.76047182 5.76047039 5.7604723 5.7604723 5.76047039 5.76047134 5.76047087 5.76047087 5.76047039 5.76047039 5.76046991 5.76046896 5.76046991 5.7604661 5.76047325 5.76046467 5.76046419 5.76046276 5.76046085 5.76045704 5.76045275 5.76044941 5.76043797 5.76043367 5.76042128 5.76040745 5.76038885 5.76036596 5.76033592 5.76029778 5.76024961 5.76018476 5.76011086 5.76002312 5.75995207 5.759902 5.75984383 5.75978518 5.75971699 5.75964499 5.7595644 5.75947189 5.75937891 5.75927067 5.75915432 5.75902605 5.75888586 5.75873089 5.7585597 5.75837755 5.75817442 5.75794601 5.75770903 5.75743771 5.75714636 5.75682449 5.75647831 5.75608635 5.75566959 5.75520134 5.75470304 5.75414991 5.75354815 5.75288868 5.75216866 5.75138283 5.75052691 5.74958467 5.74858904 5.74745035 5.74625158 5.74493933 5.74350023 5.74195528 5.74027061 5.73844481 5.73646879 5.73432875 5.73202085 5.72953367 5.72684765 5.72395897 5.72086525 5.71753216 5.71397161 5.71017742 5.70611525 5.70179939 5.69720173 5.69238997 5.6872015 5.68179512 5.67609644 5.67019749 5.6633954 5.6587553 5.64853573 5.65680885 5.54708147 5.75948524 5.26149273 6.63751984 6.46530437 6.26651669 6.46746302 6.49979305 6.65401459 6.71720362
5.76619625 5.76619768 5.76619577 5.76619577 5.76619625 5.76619577 5.76619673 5.76619577 5.76619864 5.76619387 5.76620102 5.76619434 5.7661953 5.76619625 5.76619577 5.76619577 5.76619577 5.76619625 5.76619577 5.76619577 5.76619673 5.76619291 5.7661972 5.76619434 5.76619625 5.76619625 5.76619339 5.76619625 5.76619673 5.7661953 5.76619625 5.76619387 5.76619816 5.7661953 5.76619625 5.76619577 5.76619577 5.76619339 5.76619816 5.76619482 5.76619673 5.76619482 5.76619864 5.76619053 5.76619577 5.76619577 5.7661953 5.7661953 5.7661953 5.76619482 5.76619482 5.76619434 5.76619387 5.76619291 5.76619339 5.7661891 5.76619101 5.76618862 5.76618719 5.76618338 5.76618099 5.76617813 5.76616383 5.7661767 5.76615191 5.76614475 5.76612759 5.76611233 5.76608562 5.76605463 5.76601505 5.76596355 5.76589823 5.76581383 5.76572943 5.76565409 5.76559973 5.76554966 5.76547718 5.76541138 5.76532984 5.76524687 5.76516676 5.76505089 5.76494551 5.76482153 5.76468945 5.76454067 5.76438379 5.76421404 5.76400948 5.76380014 5.76357126 5.763309 5.76303959 5.7627306 5.76239538 5.76202631 5.76163292 5.76118279 5.76072931 5.76018 5.75961208 5.75898457 5.7582984 5.75755215 5.75673437 5.75584316 5.75487661 5.75380182 5.7526679 5.75141048 5.75004721 5.74857187 5.7469635 5.74522543 5.74333715 5.74130344 5.73909616 5.73673105 5.73415661 5.73141289 5.7284565 5.72526598 5.72190714 5.71825981 5.71439505 5.71028376 5.70592451 5.70130634 5.69642162 5.69130945 5.68593884 5.68032312 5.67425489 5.67023849 5.6580143 5.66237926 5.61032963 5.95050859 5.27202272 6.57449102 6.01355028 6.2352457 6.36793995 6.43253946 6.57403135 6.66545582 6.73457193
5.77662659 5.77662659 5.77662516 5.77662706 5.77662659 5.77662611 5.77662659 5.77662468 5.77662611 5.77662659 5.77662516 5.77663088 5.77662563 5.77662706 5.77662659 5.77662659 5.77662611 5.77662754 5.77662611 5.77662659 5.77662277 5.77664042 5.77662039 5.77664089 5.77662373 5.77662706 5.77662706 5.77662706 5.7766242 5.77662706 5.77662563 5.77662897 5.77661896 5.77662849 5.77662563 5.77662802 5.7766242 5.77663517 5.776618 5.77662849 5.77662611 5.77662754 5.77662182 5.77664328 5.77662373 5.77662659 5.77662563 5.77662611 5.77662563 5.77662563 5.77662516 5.77662468 5.77662468 5.77662325 5.77662182 5.77662563 5.77661943 5.77661896 5.7766161 5.77661324 5.7766118 5.77660275 5.77661705 5.7765851 5.7765851 5.77656984 5.77655745 5.77653408 5.77650976 5.77647638 5.77643394 5.77638102 5.7763052 5.77623749 5.77612638 5.77605104 5.7759943 5.77592993 5.77586603 5.77578735 5.7757206 5.77561855 5.77550983 5.77542257 5.77529049 5.77516699 5.77502298 5.77486849 5.7746954 5.7745142 5.77430296 5.77408266 5.77382469 5.77357483 5.77326584 5.77293444 5.77259111 5.77220249 5.77177429 5.77131653 5.77079153 5.77024937 5.76964331 5.76898193 5.76825333 5.76745844 5.76660347 5.76566505 5.76463079 5.76356125 5.76230669 5.76099968 5.75957298 5.75801563 5.75634098 5.7545166 5.75256538 5.75042486 5.74815989 5.74565172 5.74306107 5.74018049 5.73714066 5.73393631 5.73041582 5.72674131 5.72282887 5.71869135 5.7143302 5.70975447 5.70496416 5.70005322 5.69474554 5.69033146 5.68339872 5.68146276 5.66029453 5.76652384 5.37869072 6.17527151 6.25308084 6.04926157 6.27676535 6.31534338 6.38015985 6.46928453 6.58872175 6.69073725 6.75702286
5.79332829 5.7933259 5.7933321 5.79332781 5.79332733 5.79333019 5.79332638 5.79333639 5.79332638 5.79332924 5.79332876 5.79332733 5.79332876 5.79332781 5.79332876 5.79332829 5.79332924 5.79332542 5.79332829 5.7933321 5.79332829 5.79332638 5.79332352 5.79333115 5.79332447 5.79333019 5.79332638 5.79332638 5.79333401 5.79332638 5.79333115 5.79331923 5.79335642 5.79332113 5.79333067 5.79332733 5.79332972 5.79332304 5.79335117 5.79332256 5.79332972 5.79332733 5.79332924 5.79332399 5.79332829 5.79332829 5.79332781 5.79332781 5.79332781 5.79332733 5.79332638 5.79332733 5.79332447 5.79332638 5.79332447 5.79332161 5.79332209 5.7933197 5.79332018 5.79331684 5.79330969 5.7933073 5.79329538 5.79329395 5.79328012 5.79327011 5.79324341 5.79323196 5.79320002 5.79316616 5.79311371 5.79307556 5.7929821 5.79288054 5.79279757 5.79269981 5.79263973 5.79257536 5.79249907 5.79241753 5.79232788 5.79222775 5.79215384 5.79201078 5.79188824 5.79173803 5.79158688 5.79141617 5.79123116 5.79102707 5.79080725 5.79055595 5.79031563 5.78999662 5.78967381 5.78937149 5.78893614 5.78852892 5.78806877 5.78755331 5.78704214 5.78642225 5.78574514 5.78504944 5.78426313 5.78343821 5.78248501 5.78148365 5.78038883 5.77918625 5.77789927 5.77650404 5.7749629 5.77334166 5.77154541 5.76963377 5.76755047 5.76533365 5.76290512 5.7604332 5.75758505 5.75470448 5.75151491 5.74833488 5.74468899 5.741014 5.73709917 5.7330308 5.72879553 5.72443771 5.71999121 5.71547937 5.71111965 5.70652771 5.70393324 5.70358038 5.71260881 5.49566174 6.23673439 5.98754835 6.08911037 6.22011137 6.24940252 6.33160114 6.41187763 6.50227642 6.61348486 6.71507263 6.77995872
5.81803417 5.8180356 5.81803417 5.81803322 5.81803846 5.8180294 5.81803608 5.81803083 5.81803513 5.8180337 5.8180337 5.81803465 5.81803322 5.8180356 5.81803274 5.81803513 5.81803083 5.81804609 5.81803131 5.8180337 5.81803465 5.81802893 5.81806135 5.81800604 5.81806469 5.81802416 5.81804228 5.81803989 5.81801939 5.81803799 5.81803179 5.81803894 5.81802607 5.8180356 5.81803226 5.81803417 5.81803656 5.81802511 5.81803179 5.8180337 5.81803417 5.81803417 5.81803417 5.81803274 5.81803417 5.81803322 5.8180337 5.81803322 5.81803322 5.81803226 5.8180337 5.81802845 5.81803656 5.81802607 5.81803036 5.81803179 5.8180275 5.81802464 5.81802177 5.81801748 5.81801844 5.81800747 5.8180027 5.81799173 5.8179841 5.81795883 5.81797504 5.81791544 5.81789207 5.81785059 5.81780338 5.81772995 5.8176446 5.81753969 5.81742716 5.81733084 5.81726456 5.8171792 5.81710434 5.81701994 5.81691837 5.81680107 5.81668043 5.8165555 5.81641054 5.81625557 5.81608152 5.8158927 5.81568909 5.81545782 5.81520987 5.81493998 5.81463575 5.81431532 5.81396055 5.81354523 5.81314611 5.81266546 5.81215906 5.81162024 5.81098366 5.81034088 5.80965757 5.80880165 5.80797434 5.80701256 5.80600977 5.80490208 5.80369902 5.80241394 5.80100727 5.7994442 5.79787397 5.79600525 5.79415226 5.79206276 5.78988218 5.78750753 5.78501225 5.78227758 5.77943897 5.77641344 5.77323723 5.7698493 5.76634169 5.76278162 5.758986 5.7551775 5.7513423 5.74753952 5.74397993 5.74061966 5.73881292 5.73547792 5.7440033 5.69730377 5.83791637 6.09682083 5.97085714 6.12429142 6.17674541 6.22169018 6.29930878 6.36865377 6.44456053 6.52629995 6.64727068 6.75078011 6.8044076
5.85245037 5.85245085 5.85244799 5.85245275 5.8524437 5.85246611 5.85244513 5.85245609 5.85244846 5.85245037 5.85245085 5.85244894 5.85245323 5.85244465 5.85245466 5.85244894 5.85245228 5.85244656 5.85245085 5.85244894 5.85245514 5.85245228 5.85242701 5.85251665 5.85243893 5.85245657 5.85243654 5.85242319 5.85251188 5.85243464 5.85245466 5.85244846 5.85245132 5.85245228 5.85245466 5.85244894 5.85244942 5.85245275 5.8524456 5.85245514 5.85244846 5.85245037 5.85244751 5.85245848 5.85244703 5.85245132 5.85244894 5.85244942 5.85244942 5.85245085 5.8524437 5.85245943 5.85243893 5.85246229 5.85244083 5.8524437 5.85243797 5.85244036 5.85243559 5.85243702 5.85241318 5.85242701 5.85241413 5.85240269 5.85238504 5.85237312 5.85234213 5.85231972 5.85229015 5.85224009 5.85217428 5.8520956 5.85201168 5.85187483 5.85173798 5.85163116 5.85154009 5.85149145 5.851367 5.85123587 5.85114002 5.85103989 5.85087442 5.85072708 5.8505559 5.85038376 5.85017538 5.84995556 5.84971094 5.84945822 5.84916401 5.84884548 5.84849882 5.84812355 5.84770346 5.84730291 5.84674644 5.84625435 5.84563684 5.84499407 5.84430265 5.8435359 5.84269619 5.84182835 5.84080791 5.83978844 5.83861732 5.8373704 5.83603859 5.83451319 5.8329916 5.83135509 5.82941055 5.82765961 5.82537889 5.82326031 5.82079315 5.81830215 5.81555271 5.81281567 5.80989361 5.80675411 5.80354548 5.80025578 5.79704952 5.79333973 5.79023457 5.78700352 5.78409719 5.78171301 5.78005266 5.7796483 5.78060865 5.78668833 5.80008554 5.9296608 5.9942255 6.00400829 6.11230755 6.1432786 6.20419073 6.26989794 6.33210659 6.40285301 6.47932386 6.56048346 6.6781764 6.76754093 6.83040667
5.89800024 5.89799786 5.89800692 5.89799404 5.89800882 5.89799309 5.89800549 5.89798355 5.89800501 5.89800024 5.89799786 5.8980031 5.89799309 5.89802456 5.89798307 5.89800596 5.89799595 5.89800167 5.89800215 5.89800215 5.89799309 5.89800453 5.89802837 5.89797783 5.89800072 5.8979845 5.89806557 5.89804602 5.89797401 5.89800692 5.89799881 5.89799881 5.89800406 5.89798975 5.89798307 5.89800501 5.89800072 5.89799881 5.89801979 5.89799404 5.89800167 5.89800215 5.89800072 5.8979969 5.89800024 5.89800072 5.89799976 5.89799929 5.8979969 5.89799404 5.89801311 5.89795971 5.8980093 5.89798784 5.89799643 5.89799166 5.89800358 5.89798307 5.89798307 5.89797544 5.89798212 5.89795303 5.89794445 5.89794064 5.89793396 5.89789963 5.89787579 5.89783573 5.89780474 5.89771032 5.89766645 5.89756441 5.8974371 5.89727736 5.89713573 5.89698315 5.89688921 5.89677143 5.89662981 5.89659214 5.89638281 5.8962245 5.89605474 5.89586878 5.8956728 5.89540529 5.89518738 5.8949194 5.89463091 5.8942976 5.89396143 5.89355946 5.89315128 5.89268351 5.89216328 5.89163876 5.89104414 5.89031076 5.88968706 5.88888836 5.88805151 5.88713503 5.88616228 5.88501596 5.88396025 5.88267517 5.88125706 5.87982512 5.87816334 5.87674141 5.87468243 5.87269163 5.8707509 5.86844206 5.86613989 5.86371136 5.86104202 5.8582778 5.85567284 5.85235262 5.84945726 5.8463335 5.84320259 5.84007311 5.8370347 5.83494329 5.83187389 5.83021164 5.82924366 5.82968903 5.83238125 5.84023762 5.85653734 5.89589739 5.95836496 5.99217892 6.0405941 6.10239935 6.13762379 6.19853401 6.25053692 6.30879641 6.37328243 6.44191933 6.51616287 6.60031128 6.70788479 6.80681372 6.85684538
5.95559502 5.95560122 5.9555788 5.955616 5.95556736 5.95560884 5.9555788 5.9556613 5.95557785 5.95559502 5.95560932 5.95559025 5.95560932 5.95556688 5.95564365 5.95557833 5.95561361 5.9555912 5.9555974 5.95558596 5.95562649 5.95555019 5.95560312 5.95559072 5.95562696 5.95559692 5.95555687 5.95566416 5.9555788 5.95560122 5.95559263 5.95560646 5.95557261 5.95565748 5.95565939 5.95557785 5.95559978 5.95559263 5.95559788 5.95559502 5.95559454 5.95559502 5.95559406 5.95559788 5.95559454 5.95559406 5.95559406 5.95559263 5.95560074 5.95560551 5.95554924 5.95572519 5.95555353 5.95559978 5.95558357 5.95557785 5.95557976 5.95557833 5.95557833 5.95556641 5.95555401 5.95557833 5.95557356 5.95550585 5.95549393 5.95546246 5.9554348 5.95538521 5.95529699 5.95533514 5.95511913 5.95501804 5.95485687 5.95466757 5.95438766 5.95425224 5.95411348 5.95397282 5.95390129 5.95365429 5.95346069 5.95324516 5.95303679 5.95277882 5.95246887 5.95233774 5.9518981 5.95153713 5.95113039 5.95072937 5.95020676 5.94976139 5.94918871 5.9485755 5.94800377 5.94714069 5.94641066 5.94584084 5.94461632 5.94372797 5.94260979 5.94150162 5.94015121 5.9390378 5.93720484 5.93566895 5.93423986 5.93232107 5.93053102 5.92824173 5.9261117 5.9241333 5.92119312 5.91881037 5.91611433 5.91295576 5.91039562 5.90722752 5.90406036 5.90147781 5.8979845 5.89508009 5.89226723 5.89002895 5.88741541 5.88573647 5.88537121 5.88617945 5.88907051 5.89585114 5.90755129 5.92761755 5.95706844 5.99026251 6.02242088 6.06575441 6.10601139 6.14585876 6.19555759 6.24249935 6.29572916 6.35441065 6.41434145 6.48403597 6.55588531 6.63832283 6.74683475 6.8316555 6.88377571
6.02552652 6.02551556 6.02556276 6.0254817 6.02561522 6.02549791 6.02552319 6.02551317 6.02552795 6.02554321 6.02547073 6.02553844 6.02550125 6.02552938 6.02554846 6.02553415 6.02547121 6.02553606 6.02552223 6.02554274 6.02547789 6.02568007 6.02548838 6.0255332 6.02551603 6.02552366 6.0255456 6.0254879 6.02554083 6.02551889 6.02552319 6.02552462 6.02554798 6.0255022 6.02550983 6.02553082 6.02552414 6.02552557 6.02552414 6.02552462 6.02552843 6.02552319 6.02552605 6.02552271 6.02552176 6.02552462 6.02552605 6.02552176 6.02552462 6.0255127 6.0255537 6.02547884 6.02552986 6.02551126 6.0255146 6.02554035 6.02549505 6.0255084 6.02546787 6.02549696 6.02544785 6.02544451 6.02555799 6.0253787 6.02538586 6.0253458 6.02525187 6.02522278 6.02513266 6.02499485 6.02488041 6.02469206 6.02450609 6.02404022 6.02402973 6.02355671 6.02344036 6.02311373 6.02296877 6.02266836 6.02241611 6.02220011 6.02176237 6.02152634 6.02109957 6.02065516 6.02023935 6.01966429 6.01921606 6.01852512 6.01811838 6.01718569 6.01647472 6.01570559 6.01446247 6.01413345 6.01260614 6.01146317 6.01034355 6.00888538 6.00750303 6.00582933 6.00427675 6.00226593 6.00103092 5.99898148 5.99605179 5.9939909 5.99120045 5.98891449 5.98611355 5.98307562 5.98055744 5.97713089 5.97369909 5.97177219 5.96703815 5.96444702 5.96110296 5.95757771 5.95467281 5.95191002 5.94972706 5.94803095 5.94725132 5.94813538 5.9498148 5.95445204 5.9620862 5.97377682 5.98981428 6.01029873 6.03412676 6.06187153 6.09382153 6.1265645 6.16344213 6.20409775 6.24625874 6.29387999 6.34528303 6.39963102 6.46610451 6.52709341 6.60168791 6.67621708 6.78478432 6.86486435 6.91280842
6.10749149 6.10753679 6.10740137 6.10756969 6.1074481 6.10748577 6.10754871 6.10746622 6.10750198 6.10742044 6.10773659 6.10743141 6.10760689 6.1074729 6.10744572 6.10745382 6.10769558 6.10745382 6.10749817 6.10746908 6.10750818 6.10745287 6.10748816 6.10750437 6.10748291 6.10751963 6.1074729 6.10753107 6.10745716 6.10750771 6.10750961 6.10746193 6.10750294 6.10750103 6.10749531 6.10748577 6.10749149 6.1074934 6.1074934 6.10748768 6.10749531 6.1074934 6.10748768 6.10749435 6.10749817 6.10749531 6.1074791 6.10749531 6.10747242 6.10751152 6.10739565 6.10751581 6.10746908 6.10748196 6.107481 6.10746145 6.1074791 6.10740852 6.10759974 6.10735035 6.10752201 6.10735893 6.10733223 6.10732126 6.10727501 6.10716772 6.10724783 6.10698891 6.1068964 6.10671473 6.10649109 6.10623884 6.10579395 6.10562372 6.10486269 6.10457802 6.10415983 6.1042695 6.10355139 6.10343695 6.10311747 6.10222054 6.10222244 6.10123396 6.10086536 6.10016966 6.09943247 6.09897757 6.09784889 6.0971179 6.09602928 6.0950532 6.09396648 6.09251261 6.09201717 6.08978271 6.08838272 6.08685637 6.08475876 6.08321571 6.08095503 6.07911587 6.07650185 6.07418776 6.07134151 6.0686326 6.06593847 6.06254244 6.06048584 6.05598354 6.05284929 6.04928684 6.04553652 6.04191828 6.03823757 6.03415346 6.03083134 6.02727699 6.02371454 6.02074814 6.01816177 6.01610851 6.01482153 6.01402998 6.0149374 6.01686049 6.02177572 6.02828121 6.03773737 6.05002356 6.06581831 6.08409119 6.10582924 6.13050938 6.15845156 6.18913698 6.22337675 6.26091528 6.30263805 6.34726143 6.39723969 6.45218372 6.51065111 6.57883024 6.64454508 6.72226572 6.82147169 6.89948797 6.93350554
6.20066833 6.20056868 6.20085049 6.20061493 6.20070934 6.20070696 6.20054436 6.20073938 6.20069695 6.20070744 6.2006073 6.2006402 6.20077467 6.20058012 6.2009201 6.20060396 6.20064497 6.20066452 6.20068741 6.20073175 6.20065403 6.20066977 6.2007122 6.20063829 6.2007041 6.20056486 6.20070553 6.2006278 6.2007699 6.20061445 6.20060635 6.20077705 6.20063972 6.20067596 6.20066166 6.20068789 6.200665 6.20067263 6.20064735 6.20074368 6.20063066 6.20066452 6.20067453 6.20066023 6.20068741 6.20064878 6.20070887 6.20063448 6.20072317 6.20056725 6.20098114 6.20056343 6.20068121 6.20064306 6.20060635 6.20060682 6.20062542 6.2006135 6.20055103 6.20061541 6.20050144 6.20050812 6.20045519 6.20038843 6.20030499 6.20022583 6.20004988 6.19991446 6.19968033 6.19944572 6.19908237 6.19859934 6.19808149 6.19733334 6.1966815 6.19594908 6.19559431 6.19494963 6.19455528 6.19390535 6.19322872 6.1927433 6.19172382 6.1912775 6.19010258 6.18918419 6.18840933 6.18692923 6.18584776 6.18442678 6.18306637 6.18149757 6.17978859 6.17819166 6.17591238 6.17401457 6.17216825 6.16918659 6.16783857 6.16390228 6.16160679 6.15869188 6.15519857 6.1518755 6.14849615 6.14458323 6.14099026 6.13702488 6.1328454 6.12896967 6.12468195 6.12022924 6.11599445 6.11160135 6.10736465 6.10335779 6.09918118 6.09568834 6.09220314 6.08947802 6.08650589 6.08531141 6.0849328 6.08521461 6.08705282 6.09172726 6.09517574 6.10302448 6.11237049 6.1241498 6.13766956 6.15563679 6.17541742 6.19820261 6.22322798 6.25311947 6.2846055 6.32101011 6.36050606 6.4048233 6.4532094 6.50696039 6.5639925 6.62710619 6.70193005 6.76576281 6.86774731 6.92183733 6.98253584
6.30361748 6.30355406 6.30366659 6.30360508 6.30360603 6.30344057 6.3040576 6.30337715 6.30372 6.30357313 6.3036623 6.30364037 6.30363083 6.30363083 6.30353069 6.30368328 6.30358076 6.30365992 6.30360222 6.30359936 6.30362606 6.30358982 6.30371761 6.30363369 6.30357456 6.30396938 6.30352497 6.30365086 6.30355883 6.30375576 6.30377769 6.30355167 6.30362797 6.30360746 6.3036294 6.30354595 6.3036232 6.30361414 6.30362701 6.30357885 6.30369329 6.30362129 6.30366087 6.30358458 6.30364895 6.30362749 6.30353355 6.30366755 6.30347681 6.30364466 6.3035078 6.30363369 6.30360413 6.30354071 6.30373383 6.30364084 6.30350828 6.30353546 6.30344677 6.30348253 6.30342245 6.30333519 6.30327082 6.30316639 6.30305624 6.30285215 6.30266857 6.30244446 6.3021369 6.30162477 6.30109215 6.30050278 6.2996335 6.29837656 6.29707241 6.29639339 6.29546309 6.2949276 6.29393578 6.29308891 6.29214764 6.29098129 6.29004955 6.28856659 6.28751707 6.28582525 6.28425503 6.28260136 6.28078127 6.27896357 6.27670002 6.2744751 6.27205324 6.26943827 6.26679373 6.26376438 6.26058865 6.25736618 6.2536931 6.25067472 6.24639225 6.24247551 6.23837662 6.23411798 6.22937822 6.22575092 6.22002506 6.21563482 6.21015835 6.20499372 6.20072317 6.19552326 6.19053364 6.18601894 6.18111515 6.17654514 6.17269659 6.16860056 6.16540909 6.16204119 6.16249943 6.15958595 6.15877962 6.15998745 6.16138458 6.16526175 6.17095995 6.17707682 6.18703175 6.19717216 6.21423197 6.22654867 6.24618387 6.26661444 6.29388857 6.31769657 6.35160923 6.38427973 6.42354393 6.46585369 6.51374197 6.56365252 6.62814522 6.6821475 6.74736881 6.8133111 6.89796019 6.97698164 6.91879559
6.41393328 6.41428185 6.4135747 6.41400814 6.41403961 6.41423035 6.41368008 6.41439533 6.41388273 6.41394663 6.41392756 6.41391182 6.41392756 6.41393709 6.41400194 6.41387415 6.41405916 6.41381645 6.41393566 6.41406155 6.41391516 6.41391277 6.41405773 6.41382599 6.41380072 6.41377163 6.41396904 6.41394901 6.41392279 6.4138937 6.41388988 6.41394949 6.41392946 6.41405869 6.41384983 6.41425943 6.41390467 6.41392803 6.41395283 6.41394854 6.41387367 6.41385126 6.41391277 6.41399717 6.41381788 6.41388798 6.41417933 6.4137454 6.41436625 6.4138484 6.41393328 6.41389179 6.41384029 6.41383314 6.41401529 6.41379213 6.41385889 6.41371059 6.41395092 6.41357374 6.4135685 6.41354418 6.41338539 6.41325951 6.41301298 6.41292334 6.41252375 6.41203403 6.41153622 6.41092443 6.40996408 6.40896988 6.40761566 6.40582943 6.40448523 6.40259027 6.40179682 6.400527 6.39938068 6.3980751 6.3965416 6.3953743 6.39329815 6.39171219 6.38946247 6.38767767 6.38532782 6.38313389 6.38018656 6.3778553 6.37458515 6.37170458 6.36834669 6.36492348 6.36119127 6.35747337 6.35338593 6.34959221 6.34454632 6.33982992 6.3352232 6.3301568 6.32509613 6.31967688 6.31445885 6.3084116 6.30343437 6.29711676 6.29327631 6.28845501 6.27959013 6.27523708 6.26959419 6.26415014 6.25920057 6.25465059 6.25004435 6.2464385 6.24308968 6.24025774 6.2375536 6.23660755 6.23698044 6.23685932 6.24167395 6.24262571 6.24752569 6.25686216 6.2626071 6.27388859 6.28583193 6.30158186 6.31902361 6.33962536 6.36134529 6.39106131 6.41891432 6.45205832 6.49050188 6.53130341 6.57754993 6.6279583 6.68082237 6.73977041 6.79785395 6.86627722 6.95028162 6.91337872 7.29095125
6.52766514 6.52661419 6.52899408 6.52737093 6.52741909 6.52758598 6.52769613 6.52757931 6.52760696 6.52770138 6.52762508 6.52773809 6.52763605 6.5277915 6.52745295 6.52775764 6.52758026 6.52801466 6.52758503 6.52762413 6.527637 6.527668 6.52758884 6.52793741 6.52830076 6.52796364 6.52758694 6.52765369 6.52773762 6.5276866 6.52767563 6.52764797 6.5277133 6.52745008 6.52773333 6.52766037 6.52746248 6.52777481 6.52757359 6.52763081 6.52781582 6.52796459 6.52768612 6.52739191 6.52813816 6.52754068 6.52762508 6.52766657 6.52751923 6.52768183 6.52757835 6.52787113 6.5277462 6.52763605 6.52741718 6.52791548 6.52733231 6.52750492 6.5272913 6.52748489 6.52737474 6.52699614 6.52691793 6.52666616 6.52641201 6.52602053 6.52555037 6.52511978 6.52430677 6.52324104 6.52250385 6.52058363 6.51869297 6.51645041 6.51362991 6.51224279 6.51022577 6.50906944 6.50723457 6.50569582 6.50353527 6.50145817 6.49931431 6.49669838 6.49497223 6.49133205 6.48878193 6.48510838 6.48333836 6.47812176 6.47560883 6.47084904 6.46702099 6.46240759 6.45812464 6.45327902 6.44774485 6.44433308 6.43722916 6.43253613 6.42626047 6.4205184 6.4151001 6.40856409 6.40221643 6.39691639 6.38964462 6.3838315 6.37686062 6.36992264 6.36673594 6.3583746 6.35284948 6.34813976 6.34209156 6.33681822 6.33271933 6.32737589 6.32506084 6.32174873 6.3197422 6.31860447 6.31811619 6.31863165 6.32049561 6.32396841 6.32858896 6.3342061 6.34280586 6.35317421 6.36476564 6.3794651 6.39572668 6.41572809 6.43923426 6.46311331 6.49125195 6.52637768 6.55983496 6.60168028 6.64445353 6.69380188 6.7432394 6.80331326 6.85887289 6.91522884 6.90937281 7.30392122 5.97035456
6.63904619 6.64032602 6.6383605 6.63933277 6.64014959 6.63902235 6.63917589 6.63891792 6.63932228 6.63895893 6.63911867 6.63903522 6.63908815 6.63885069 6.63971901 6.63892031 6.6388917 6.63901186 6.63902283 6.63915348 6.63918781 6.63907814 6.63907671 6.63888645 6.63892365 6.63894796 6.63908243 6.63907671 6.63895655 6.63926649 6.63896418 6.63911104 6.63883305 6.63980007 6.63889217 6.63873529 6.63986731 6.63861036 6.63931322 6.6393733 6.63896132 6.63888073 6.63891649 6.63965511 6.63874006 6.63910389 6.6389761 6.63909149 6.63902426 6.63898706 6.63901424 6.63891029 6.63890266 6.6389184 6.63893795 6.6387291 6.63903093 6.63871336 6.63861322 6.63858318 6.63832331 6.63836193 6.63803005 6.63769579 6.63777447 6.63686705 6.63643503 6.63567591 6.63469601 6.63354635 6.63194895 6.62997627 6.62788963 6.62450552 6.62216854 6.61889362 6.61837578 6.61534595 6.61363268 6.61125898 6.60905123 6.60639906 6.60377169 6.60085821 6.59744596 6.59457302 6.59077358 6.58755589 6.58261108 6.5796423 6.5742898 6.57004547 6.56552649 6.56024456 6.55534935 6.54944229 6.54434156 6.53774405 6.5325799 6.5254283 6.5207839 6.51327705 6.50652266 6.50017262 6.49327517 6.4861269 6.48025322 6.47257042 6.46648741 6.45971727 6.4524579 6.44663143 6.4403224 6.43462515 6.42757463 6.42428732 6.41795397 6.41775084 6.41045666 6.40788126 6.40587425 6.40313911 6.40372849 6.40421152 6.40593004 6.4078598 6.41308451 6.41893625 6.42665672 6.43539715 6.44868851 6.46042871 6.47804165 6.49616861 6.51715708 6.54162312 6.57325077 6.59888792 6.63823366 6.67361212 6.71792793 6.75967216 6.81063271 6.85555458 6.90079021 6.94726038 7.02392578 6.89864922 7.52286386
6.74134827 6.74073362 6.74159861 6.74106932 6.74084568 6.74091101 6.74124861 6.74150181 6.7410655 6.74129677 6.74099922 6.74129486 6.74119568 6.741292 6.74105263 6.74103737 6.74217749 6.74100637 6.74126673 6.74131966 6.74115419 6.74126577 6.74109173 6.74174118 6.74121571 6.7412529 6.74127579 6.74120998 6.74125671 6.74118376 6.74117804 6.74150896 6.74120092 6.74115372 6.74115467 6.74215555 6.74064207 6.74196148 6.74121857 6.74116373 6.74109221 6.74194145 6.74115705 6.74077988 6.74144125 6.74114895 6.74139404 6.74090099 6.74127245 6.74118757 6.7412014 6.74115181 6.74126816 6.74099636 6.74161005 6.7408905 6.74114656 6.74078846 6.74127722 6.7405386 6.74085236 6.74006462 6.74032211 6.73982382 6.73931265 6.73914623 6.73834562 6.73737383 6.73646307 6.73520613 6.73338366 6.73168373 6.72888422 6.72540998 6.72211599 6.71946669 6.71730471 6.71536922 6.71329451 6.71081877 6.7082181 6.70558834 6.70229101 6.69947433 6.69625521 6.69305468 6.68885231 6.6844821 6.68158007 6.67589092 6.67239428 6.66730785 6.66089916 6.65639162 6.65034914 6.64544678 6.63827801 6.63313341 6.62609434 6.62116718 6.6128273 6.60653591 6.60015297 6.59203386 6.58648682 6.57926941 6.57056475 6.5656004 6.55827808 6.55097198 6.5449748 6.53816891 6.53223515 6.52456331 6.52511358 6.51330042 6.51055956 6.50440407 6.50045872 6.49922991 6.49446964 6.4978838 6.49259853 6.49376774 6.49433804 6.50084209 6.50151825 6.50768232 6.51410341 6.52509022 6.53154516 6.55039787 6.56231976 6.58051682 6.6045146 6.62491035 6.64946461 6.68414783 6.71323347 6.7472043 6.78782511 6.82831287 6.86970758 6.90897131 6.95891285 6.98827982 6.99319935 7.27267361 6.20587063
6.82795906 6.82813263 6.8275404 6.8280201 6.82826567 6.82917356 6.82719326 6.82865334 6.82766247 6.82772779 6.82859278 6.82753086 6.82788801 6.82765007 6.82811069 6.82768297 6.82779217 6.82775545 6.82779217 6.8277359 6.82778978 6.8277545 6.8278203 6.82764864 6.82749319 6.82786608 6.82768106 6.82779455 6.82774496 6.82781649 6.82775307 6.82775736 6.82774782 6.82782125 6.82778645 6.82750845 6.82796526 6.827456 6.8277812 6.82780981 6.82771635 6.82766294 6.82745314 6.82910252 6.82708883 6.82805204 6.82719326 6.82888365 6.82746792 6.82773829 6.82763481 6.82775688 6.82740498 6.82777596 6.82746172 6.82763672 6.8274827 6.82751226 6.82748079 6.82732677 6.82687712 6.82784939 6.82647991 6.82653427 6.82605839 6.82576418 6.82459688 6.82473946 6.82319403 6.82185602 6.82057238 6.81854057 6.81677341 6.81278753 6.80976677 6.80748224 6.80523252 6.80452871 6.80085087 6.79927397 6.79676485 6.79391384 6.79239225 6.78802729 6.78525925 6.78150654 6.77795506 6.77446175 6.7701931 6.76600075 6.76135159 6.75691843 6.75384092 6.74639034 6.74174881 6.73689508 6.73178005 6.7238555 6.71851921 6.71121454 6.70610428 6.69972849 6.69132042 6.68849039 6.67857456 6.67058372 6.67016888 6.65663481 6.65168047 6.64444733 6.63872576 6.63176918 6.62396479 6.62096643 6.6123023 6.60935116 6.60337734 6.60033321 6.59990549 6.59083414 6.59184885 6.58702898 6.5873189 6.58898592 6.58961439 6.59039974 6.59529781 6.59952879 6.60933113 6.6126976 6.63512516 6.63519001 6.65448713 6.66988897 6.68742514 6.71067286 6.73878908 6.76161385 6.78991938 6.83401346 6.8551116 6.89231682 6.9262166 6.96106434 6.98423719 7.02053165 7.00496292 7.21138334 6.56193209
6.91763973 6.91575384 6.9152894 6.91609573 6.91521597 6.91473389 6.91603661 6.91531992 6.91570377 6.91581869 6.91497707 6.9159503 6.91539574 6.91594076 6.91508102 6.91568375 6.91640043 6.91551495 6.91571093 6.91569567 6.91569805 6.91566467 6.91577196 6.91568518 6.91724539 6.91518927 6.91610718 6.91557741 6.91575956 6.91556931 6.91582632 6.91554451 6.91579771 6.91548586 6.91571522 6.91590643 6.91539812 6.91653681 6.9155364 6.91574478 6.91561174 6.91718626 6.91561031 6.91462469 6.9174943 6.9148736 6.91712332 6.9146781 6.91583443 6.91597605 6.91599607 6.91531563 6.91723633 6.91516876 6.91581774 6.91550255 6.91562271 6.91546774 6.91608477 6.91511154 6.9155879 6.91426134 6.91527081 6.91471004 6.91469288 6.91375732 6.91557169 6.91263199 6.91265631 6.9130187 6.91021442 6.90945578 6.90717793 6.90547609 6.90361977 6.9010005 6.90046787 6.8976388 6.89907789 6.8951335 6.89373827 6.89193392 6.88950348 6.88771725 6.88498735 6.8833704 6.88106871 6.87673712 6.87390614 6.87125921 6.86707878 6.86336708 6.85829449 6.8554554 6.850945 6.84611225 6.84102821 6.83717394 6.83128834 6.82817602 6.82032394 6.81527567 6.81034517 6.80271435 6.79654217 6.79344559 6.78257322 6.78131437 6.7739892 6.76800394 6.76249218 6.75388432 6.76174688 6.73846006 6.74286127 6.73344707 6.73243713 6.72647667 6.72020578 6.72152519 6.71746635 6.7174263 6.71639347 6.7154026 6.71516275 6.72028446 6.72224903 6.72800875 6.73162699 6.74141502 6.74538136 6.76284456 6.77517653 6.78561497 6.81489277 6.82304096 6.84471893 6.86736345 6.89989424 6.91645241 6.94100952 6.97249556 6.9872036 7.01061249 7.02684593 7.0488553 7.09202099 6.98175669 7.43726158
6.94723415 6.94787741 6.94935083 6.94852829 6.94859886 6.94936037 6.94816065 6.94865131 6.94844484 6.94830751 6.94965696 6.94787073 6.94958496 6.94762945 6.95055866 6.94851875 6.94799423 6.94855356 6.94852734 6.94849396 6.94842291 6.94852257 6.94838667 6.94847393 6.9475503 6.94859219 6.94903708 6.9483242 6.9483943 6.94881487 6.94815636 6.94913864 6.94808578 6.94933224 6.94824123 6.94838715 6.94852161 6.94833326 6.94829893 6.94848824 6.94849873 6.94752455 6.9485693 6.94889927 6.94735813 6.94927216 6.9475379 6.94900036 6.94832277 6.94839525 6.94779158 6.94985533 6.94722176 6.94875526 6.94825077 6.94851112 6.94813776 6.94844389 6.94783878 6.94863224 6.94768476 6.95009518 6.94757986 6.94816828 6.94777393 6.94802713 6.9464407 6.94768715 6.94695711 6.94554138 6.94701576 6.94509172 6.94434261 6.94346523 6.94126749 6.94212055 6.94142151 6.93982601 6.93800735 6.93771172 6.93770027 6.93503761 6.93714809 6.93267918 6.93239832 6.93015289 6.92831802 6.9274888 6.92551279 6.92303658 6.92140055 6.9193182 6.91693258 6.91515255 6.91062117 6.91074657 6.90515852 6.90215969 6.89900303 6.89387941 6.89214802 6.88744974 6.88322258 6.8786664 6.88227606 6.87057018 6.86697721 6.86262941 6.85635233 6.85342216 6.84713364 6.84612703 6.8277235 6.85544348 6.82573318 6.83589315 6.81816912 6.82021236 6.82266331 6.81455326 6.81200123 6.81133127 6.81115103 6.80906296 6.82158041 6.81125975 6.8184371 6.82023811 6.82875395 6.83974504 6.84222126 6.85097265 6.85650063 6.89328241 6.87701178 6.90529394 6.91876268 6.9365139 6.94942522 6.97351217 6.99043322 6.99169588 7.02485228 7.03050566 7.05954027 7.05724764 7.0776 7.14625454 6.94266653
6.96296453 6.96447897 6.96261692 6.9629178 6.96325064 6.96282101 6.96300888 6.96292067 6.96308374 6.96266747 6.96379232 6.96252298 6.96366978 6.96274471 6.96304178 6.96290731 6.96299458 6.96296978 6.9626708 6.96298265 6.96294212 6.96291399 6.96294546 6.9629159 6.96293736 6.96295929 6.96296597 6.96291161 6.96293354 6.9629221 6.96292162 6.96293497 6.96290636 6.96298361 6.96282434 6.9632802 6.96287012 6.96278238 6.96357584 6.96274948 6.96296501 6.96294212 6.96280432 6.96338081 6.96286249 6.9629364 6.96291542 6.96292353 6.96292639 6.96288395 6.96302795 6.96416187 6.96257496 6.96298027 6.96291924 6.96269464 6.96360826 6.96265936 6.96292734 6.96286964 6.96248007 6.96389341 6.96238327 6.96270561 6.96252394 6.96242285 6.96235371 6.9621191 6.96189308 6.961586 6.96128654 6.96054745 6.96096277 6.95922136 6.95850801 6.95813608 6.95742321 6.95709038 6.9563489 6.95667934 6.95520544 6.95411062 6.95508289 6.95284176 6.95191765 6.950881 6.94999313 6.94868231 6.94736862 6.94644451 6.94460201 6.94302988 6.94173098 6.94066048 6.93745232 6.93593168 6.93349791 6.93142843 6.92851877 6.92778778 6.92348719 6.92067623 6.91930103 6.9146533 6.91207314 6.90835381 6.90656757 6.90172625 6.89876556 6.89520168 6.89183044 6.88831854 6.88539457 6.88154268 6.87951183 6.8728385 6.88411188 6.86543798 6.87798166 6.86308527 6.8712039 6.86282969 6.86566401 6.86374903 6.87164497 6.86655712 6.87035656 6.87525988 6.87787008 6.8850379 6.89115763 6.90105104 6.90739059 6.91745472 6.93211699 6.94055939 6.95446348 6.96911955 6.98101377 6.99695826 7.00759411 7.02880716 7.03400421 7.05125856 7.0602169 7.08090734 7.06937551 7.12941551 7.12782955
